ID,Name,Macroarea,Latitude,Longitude,Glottocode,ISO639P3code,Dataset,Forms,Concepts,Incollections,Subgroup,Family
abkh1244,Abkhaz,,43.06,41.16,abkh1244,,northeuralex,1125,931,ClicsCore,,Abkhaz-Adyge
abui1241,Abui,,-8.31058,124.588,abui1241,,robinsonap,428,384,ClicsCore,,Timor-Alor-Pantar
acha1249,Achang (Longchuan),,24.466605,97.89503,acha1249,,suntb,965,869,ClicsCore,Burmish,Sino-Tibetan
acha1250,Achagua,,4.38649,-72.2005,acha1250,,hubercolumbian,376,260,ClicsCore,,Arawakan
ache1246,Aché,,-25.5865,-56.4697,ache1246,,idssegmented,969,961,ClicsCore,,Tupian
achu1247,Achumawi,,41.0979,-121.191,achu1247,,johanssonsoundsymbolic,322,263,ClicsCore,,Palaihnihan
achu1248,Ashuar,,-2.82646,-77.2641,achu1248,,huntergatherer,587,321,ClicsCore,,Chicham
adan1251,Adang,,-8.18958,124.448,adan1251,,robinsonap,383,360,ClicsCore,,Timor-Alor-Pantar
adny1235,Adnyamathanha,,-30.1451,138.671,adny1235,,bowernpny,307,302,ClicsCore,,Pama-Nyungan
adyg1241,Adyghe,,44.65,40.00,adyg1241,,northeuralex,1058,924,ClicsCore,,Abkhaz-Adyge
aghu1253,Aghul,,41.9242,47.5843,aghu1253,,idssegmented,1383,1274,ClicsCore,,Nakh-Daghestanian
agua1253,Aguaruna,,-5.30044,-77.9218,agua1253,,idssegmented,1258,1158,ClicsCore,,Chicham
aheu1239,Ahlao (Thavung),,17.7655,104.229,aheu1239,,idssegmented,868,824,ClicsCore,,Austroasiatic
ahte1237,Ahtena,,61.7068,-144.889,ahte1237,,johanssonsoundsymbolic,331,276,ClicsCore,,Athapaskan-Eyak-Tlingit
ainu1240,Hokkaido Ainu,,43.63,142.46,ainu1240,,northeuralex,971,867,ClicsCore,,Ainu
akaw1239,Akawaio,,6.16277,-60.862,akaw1239,,huntergatherer,372,284,ClicsCore,,Cariban
akhv1239,Akhvakh (Northern dialect),,42.4003,46.3037,akhv1239,,idssegmented,1636,1286,ClicsCore,,Nakh-Daghestanian
akun1241,Akuntsu,,-12.8322,-60.9716,akun1241,,tuled,431,390,ClicsCore,Tuparí,Tupian
alab1237,Alabama,,30.76738,-94.62848,alab1237,,johanssonsoundsymbolic,344,284,ClicsCore,,Muskogean
alba1267,Standard Albanian,,41.33,19.85,alba1267,,northeuralex,1180,953,ClicsCore,,Indo-European
aleu1260,Aleut,,52.12,-174.29,aleu1260,,northeuralex,996,909,ClicsCore,,Eskimo-Aleut
aluo1235,Alo,,25.937203,102.1064952,aluo1235,,yangyi,699,645,ClicsCore,Yi,Sino-Tibetan
alya1239,Alyawarr,,-21.0427,136.835,alya1239,,bowernpny,295,288,ClicsCore,,Pama-Nyungan
amar1274,Amarakaeri,,-12.4931,-70.5533,amar1274,,johanssonsoundsymbolic,317,258,ClicsCore,,Harakmbut
amun1246,Amondawa,,-9.04023,-62.3064,amun1246,,tuled,366,314,ClicsCore,Tupi-Guarani,Tupian
anci1242,Ancient Greek,,39.8155,21.9129,anci1242,,idssegmented,2241,1256,ClicsCore,,Indo-European
andi1255,Andi,,42.8078,46.2919,andi1255,,idssegmented,1544,1287,ClicsCore,,Nakh-Daghestanian
anga1288,Angami Kohima,,25.55,94.1333,anga1288,,marrisonnaga,973,814,ClicsCore,Angami,Sino-Tibetan
anga1316,Sanapaná (Angaité dialect),,-22.85,-58.45,anga1316,,idssegmented,1158,1005,ClicsCore,,Lengua-Mascoy
aona1235,Ao Chungli,,26.3167,94.5167,aona1235,,marrisonnaga,989,810,ClicsCore,Ao,Sino-Tibetan
apal1257,Apalai,,1.49792,-54.7457,apal1257,,huntergatherer,364,267,ClicsCore,,Cariban
apia1248,Apiaka,,-7.84711,-57.91,apia1248,,tuled,296,276,ClicsCore,Tupi-Guarani,Tupian
arab1267,Arabana,,-28.705,135.449,arab1267,,bowernpny,317,312,ClicsCore,,Pama-Nyungan
arao1248,Araona,,-12.4242,-67.7293,arao1248,,idssegmented,1125,801,ClicsCore,,Pano-Tacanan
arap1274,Arapaho,,43.3879,-108.81,arap1274,,johanssonsoundsymbolic,343,283,ClicsCore,,Algic
araw1273,Araweté,,-4.90246,-52.5001,araw1273,,tuled,321,302,ClicsCore,Tupi-Guarani,Tupian
araw1276,Lokono,,5.64295,-56.9243,araw1276,,huntergatherer,355,297,ClicsCore,,Arawakan
arch1244,Archi (variety 2),,42.3239,46.8267,arch1244,,idssegmented,1414,1276,ClicsCore,,Nakh-Daghestanian
arhu1242,Ika,,10.7018,-73.6363,arhu1242,,hubercolumbian,361,317,ClicsCore,,Chibchan
asho1236,Asho (Kokan Tan),,19.85,94,asho1236,,chindialectsurvey,468,448,ClicsCore,Asho,Sino-Tibetan
atak1252,Atakapa,,30.9121,-93.0827,atak1252,,johanssonsoundsymbolic,321,263,ClicsCore,,Atakapa
avar1256,Avar (Ansalta dialect),,41.7047,46.558,avar1256,,idssegmented,1851,1294,ClicsCore,,Nakh-Daghestanian
aves1237,Avestan,,34.217,62.112,aves1237,,idssegmented,841,560,ClicsCore,,Indo-European
awac1239,Awa,,1.21652,-78.3401,awac1239,,hubercolumbian,385,323,ClicsCore,,Barbacoan
awet1244,Awetí,,-12.381944,-53.391944,awet1244,,tuled,435,396,ClicsCore,Aweti,Tupian
awuu1235,Lope,,25.395,103.306,awuu1235,,lamanisoic,300,282,ClicsCore,,Sino-Tibetan
axiy1235,Yi (Mile),,27.16,105.61,axiy1235,,suntb,1125,931,ClicsCore,Nesu,Sino-Tibetan
ayac1239,Quechua Ayacuchano,,-13.84714,-74.32246,ayac1239,,huntergatherer,347,270,ClicsCore,,Quechuan
ayor1240,Ayoreo,,-19.220055,-60.217495,ayor1240,,idssegmented,1405,1094,ClicsCore,,Zamucoan
azha1235,Azha,,23.54166649,104.1861823,azha1235,,yangyi,721,651,ClicsCore,Yi,Sino-Tibetan
azhe1235,Azhe,,24.405,103.441,azhe1235,,lamanisoic,300,282,ClicsCore,,Sino-Tibetan
baca1246,Bacama,,9.53072,12.0416,baca1246,,kraftchadic,437,421,ClicsCore,,Afro-Asiatic
bade1248,Bade,,12.789,10.6557,bade1248,,kraftchadic,420,411,ClicsCore,,Afro-Asiatic
bagv1239,Bagvalal,,42.3966,46.1041,bagv1239,,idssegmented,1545,1286,ClicsCore,,Nakh-Daghestanian
bamb1262,Bambassi,,9.82554,34.6522,bamb1262,,johanssonsoundsymbolic,302,251,ClicsCore,,Mao
bana1305,Fali Gili,,10.3535,13.6131,bana1305,,kraftchadic,446,428,ClicsCore,,Afro-Asiatic
bang1339,Parnkala,,-33.3036,136.079,bang1339,,bowernpny,310,305,ClicsCore,,Pama-Nyungan
bani1255,Baniwa,,2.17859,-67.7704,bani1255,,huntergatherer,497,306,ClicsCore,,Arawakan
bara1380,Barasana,,0.02193,-70.808,bara1380,,hubercolumbian,426,342,ClicsCore,,Tucanoan
bard1255,Bardi,,-16.6274,122.906,bard1255,,huntergatherer,435,267,ClicsCore,,Nyulnyulan
bari1297,Barí,,9.08497,-72.9353,bari1297,,idssegmented,465,441,ClicsCore,,Chibchan
basa1284,Basaa A.43a,,3.80765,10.4213,basa1284,,bantubvd,405,378,ClicsCore,,Atlantic-Congo
bash1264,Bashkir,,53.60,56.56,bash1264,,northeuralex,1117,953,ClicsCore,,Turkic
basq1248,Basque,,43.2787,-1.31622,basq1248,,idssegmented,1523,1213,ClicsCore,,Basque
bata1314,Mwulyen,,9.68091,12.677,bata1314,,kraftchadic,434,429,ClicsCore,,Afro-Asiatic
bats1242,Tsova-Tush,,42.1806,45.344,bats1242,,idssegmented,1625,1296,ClicsCore,,Nakh-Daghestanian
bayu1240,Payungu,,-23.3809,114.108,bayu1240,,bowernpny,326,320,ClicsCore,,Pama-Nyungan
bela1254,Belarusian,,53.23,25.60,bela1254,,northeuralex,1081,953,ClicsCore,,Indo-European
bemb1257,Bemba M.42,,-10.6122,29.2993,bemb1257,,bantubvd,412,378,ClicsCore,,Atlantic-Congo
bena1262,Bena,,-9.26671,35.0364,bena1262,,tls,1069,650,ClicsCore,,Atlantic-Congo
bend1258,Bende,,-6.22082,30.5926,bend1258,,tls,466,358,ClicsCore,,Atlantic-Congo
beng1280,Bengali,,24.0,90.0,beng1280,,idssegmented,1380,1271,ClicsCore,,Indo-European
beri1254,Berik,,-2.26904,138.866,beri1254,,johanssonsoundsymbolic,313,254,ClicsCore,,Tor-Orya
bert1248,Berta,,10.6474,34.7042,bert1248,,johanssonsoundsymbolic,302,252,ClicsCore,,Berta
bezh1248,Bezhta,,42.1206,46.0332,bezh1248,,idssegmented,1731,1291,ClicsCore,,Nakh-Daghestanian
biao1254,Biao Min,,25.82286,111.29622,biao1254,,chenhmongmien,867,769,ClicsCore,Mienic,Hmong-Mien
biri1256,Biri,,-20.1494,146.67,biri1256,,bowernpny,268,260,ClicsCore,,Pama-Nyungan
bitt1240,Pusing,,21.3474,101.916,bitt1240,,idssegmented,1336,1257,ClicsCore,,Austroasiatic
blag1240,Blagar,,-8.31787,124.251,blag1240,,robinsonap,414,385,ClicsCore,,Timor-Alor-Pantar
blan1242,Bulang-2,,22.0092,99.7405,blan1242,,idssegmented,1312,1199,ClicsCore,,Austroasiatic
boga1251,Boka,,10.188,12.936,boga1251,,kraftchadic,437,428,ClicsCore,,Afro-Asiatic
bogh1241,Burma,,9.49679,10.11454,bogh1241,,kraftchadic,371,368,ClicsCore,,Afro-Asiatic
boly1239,Paliu,,24.7013,104.955,boly1239,,idssegmented,1077,969,ClicsCore,,Austroasiatic
bond1247,Bondei2,,-5.10749,38.5079,bond1247,,tls,1083,661,ClicsCore,,Atlantic-Congo
bora1263,Bora,,-2.91467,-68.9093,bora1263,,hubercolumbian,729,336,ClicsCore,,Boran
botl1242,Botlikh (Miarso dialect),,42.665,46.22,botl1242,,idssegmented,1523,1295,ClicsCore,,Nakh-Daghestanian
bret1244,Breton,,48.2452,-3.78934,bret1244,,idssegmented,1773,1252,ClicsCore,,Indo-European
budu1248,Budukh,,41.2272,48.3353,budu1248,,idssegmented,1712,1267,ClicsCore,,Nakh-Daghestanian
buku1249,Bukusu E.31c,,0.68043,34.7719,buku1249,,bantubvd,433,383,ClicsCore,,Atlantic-Congo
bulg1262,Bulgarian,,43.3646,25.047,bulg1262,,idssegmented,2351,1299,ClicsCore,,Indo-European
bung1264,Bunganditj,,-36.5,140.5,bung1264,,bowernpny,279,275,ClicsCore,,Pama-Nyungan
bung1265,Wungu,,-8.32587,32.8801,bung1265,,tls,1067,645,ClicsCore,,Atlantic-Congo
bura1271,Burak,,9.49,11.07,bura1271,,othanieljen,300,285,ClicsCore,,Atlantic-Congo
bura1292,Bura,,10.4822,12.3007,bura1292,,kraftchadic,444,423,ClicsCore,,Afro-Asiatic
buri1258,Buryat,,51.83,107.60,buri1258,,northeuralex,1314,951,ClicsCore,,Mongolic
buru1296,Burushaski,,36.22,74.82,buru1296,,northeuralex,942,784,ClicsCore,,Burushaski
cacu1241,Kakua,,0.88778,-69.5659,cacu1241,,hubercolumbian,431,341,ClicsCore,,Kakua-Nukak
cahu1264,Cahuilla,,33.5324,-116.691,cahu1264,,huntergatherer,399,268,ClicsCore,,Uto-Aztecan
cams1241,Kamsá,,1.14537,-76.8931,cams1241,,hubercolumbian,382,322,ClicsCore,,Camsá
cara1272,Carapana,,0.06168,-69.6465,cara1272,,hubercolumbian,379,334,ClicsCore,,Tucanoan
cari1279,Carijona,,1.21894,-72.0664,cari1279,,hubercolumbian,366,314,ClicsCore,,Cariban
cash1251,Cashibo,,-8.70232,-75.4206,cash1251,,idssegmented,744,647,ClicsCore,,Pano-Tacanan
cavi1250,Cavineña,,-13.3544,-66.6277,cavi1250,,idssegmented,1005,942,ClicsCore,,Pano-Tacanan
cayu1262,Cayuvava,,-13.2482,-65.4822,cayu1262,,idssegmented,1154,661,ClicsCore,,Cayubaba
cent1394,"Chuanqiandian, Southern Guizhou",,25.586343,106.323467,cent1394,,chenhmongmien,910,788,ClicsCore,Hmongic,Hmong-Mien
cent2050,Kanuri,,12,13,cent2050,,wold,1591,1348,ClicsCore,,Saharan
cent2128,Central Siberian Yupik,,63.43,-170.27,cent2128,,northeuralex,893,726,ClicsCore,,Eskimo-Aleut
cent2142,Aymara,,-17.0,-68.5,cent2142,,idssegmented,1026,955,ClicsCore,,Aymaran
cent2150,Tunebo Central,,6.8867,-72.097,cent2150,,hubercolumbian,341,300,ClicsCore,,Chibchan
chac1249,Cayapa,,0.71489,-79.0508,chac1249,,idssegmented,1613,1219,ClicsCore,,Barbacoan
chac1251,Chácobo,,-12.133,-66.7164,chac1251,,idssegmented,1019,835,ClicsCore,,Pano-Tacanan
chad1240,Chadong,,25.23532,109.96041,chad1240,,idssegmented,1259,1188,ClicsCore,,Tai-Kadai
cham1309,Chamalal,,42.5024,45.995,cham1309,,idssegmented,1695,1287,ClicsCore,,Nakh-Daghestanian
chan1313,Chang,,26.2667,94.0833,chan1313,,marrisonnaga,944,776,ClicsCore,Konyak,Sino-Tibetan
chec1245,Chechen,,43.5,45.5,chec1245,,idssegmented,1705,1301,ClicsCore,,Nakh-Daghestanian
chenhmongmien-WesternQiandong,"Qiandong, West",,26.43106,107.68758,,,chenhmongmien,875,781,ClicsCore,Hmongic,Hmong-Mien
chew1245,Ceq Wong,,3.8807,102.456,chew1245,,wold,956,877,ClicsCore,,Austroasiatic
chib1270,Muisca,,6.24999,-74.1666,chib1270,,idssegmented,813,771,ClicsCore,,Chibchan
chig1238,Rukiga,,-1.04387,29.9122,chig1238,,tls,1116,659,ClicsCore,,Atlantic-Congo
chim1309,Chimila,,10.1902,-74.2559,chim1309,,hubercolumbian,376,307,ClicsCore,,Chibchan
chin1478,Uppu (Kyin Dwe),,20.97296,93.83817,chin1478,,chindialectsurvey,477,449,ClicsCore,Uppu,Sino-Tibetan
chindialectsurvey-DoituHetsawlay-U-11,Doitu (Hetsawlay),,20.366667,93.266667,,,chindialectsurvey,466,447,ClicsCore,Uppu,Sino-Tibetan
chindialectsurvey-KaangKruk-A,Kaang Kruk,,21.6,93.4432,,,chindialectsurvey,654,448,ClicsCore,Matupi Daai,Sino-Tibetan
chindialectsurvey-LaisawThuHtayKung-A,Laisaw Thu Htay Kung,,20.38415909,93.25898743,,,chindialectsurvey,482,450,ClicsCore,Mro-Khimi,Sino-Tibetan
chindialectsurvey-LaituAhongdong-A,Laitu Ahongdong,,20.22525024,93.41887665,,,chindialectsurvey,512,433,ClicsCore,Laitu-Sumtu,Sino-Tibetan
chindialectsurvey-LaituKhuasung-U-12,Laitu (Khuasung),,20.57061005,93.31453705,,,chindialectsurvey,470,447,ClicsCore,Uppu,Sino-Tibetan
chindialectsurvey-SonglaiHettui8KarchaungHettui-A,Songlai-Hettui 8Karchaung (Hettui),,21.3,92.85,,,chindialectsurvey,473,448,ClicsCore,Paletwa Daai,Sino-Tibetan
chindialectsurvey-SonglaiMaungUmSong1MaungUmSong-A,Songlai-Maung Um (Song) 1Maung Um (Song),,21.3,92.85,,,chindialectsurvey,478,447,ClicsCore,Paletwa Daai,Sino-Tibetan
chindialectsurvey-TaungthaWethet-T-1,Taungtha (Wethet),,21.691667,94.097222,,,chindialectsurvey,444,428,ClicsCore,Taungtha,Sino-Tibetan
chindialectsurvey-ThaiphumRengkheng-T-7,Thaiphum (Rengkheng),,21.6,93.4432,,,chindialectsurvey,462,442,ClicsCore,Taungtha,Sino-Tibetan
chip1262,Chipaya,,-18.73951,-67.89633,chip1262,,idssegmented,1010,847,ClicsCore,,Uru-Chipaya
chir1284,Dargwa (Chirag dialect),,41.869481,47.41111,chir1284,,idssegmented,1350,1285,ClicsCore,,Nakh-Daghestanian
chok1243,Chokri,,25.6833,94.2667,chok1243,,marrisonnaga,522,476,ClicsCore,Angami,Sino-Tibetan
chon1284,Chong,,12.5218,102.514,chon1284,,idssegmented,1214,1169,ClicsCore,,Austroasiatic
chua1248,Chuanqiandian,,27.51846,105.421028,chua1248,,chenhmongmien,905,793,ClicsCore,Hmongic,Hmong-Mien
chug1252,Duhumbi,,27.42,92.23,chug1252,,bodtkhobwa,789,520,ClicsCore,Western Kho-Bwa,Sino-Tibetan
chuk1273,Chukchi,,68.64,170.04,chuk1273,,northeuralex,1091,919,ClicsCore,,Chukotko-Kamchatkan
chuk1274,Chuka,,-0.27405,37.6116,chuk1274,,tls,997,641,ClicsCore,,Atlantic-Congo
chur1257,Old Church Slavonic,,43.7171,22.8442,chur1257,,idssegmented,1207,847,ClicsCore,,Indo-European
chuv1255,Chuvash,,55.49,47.16,chuv1255,,northeuralex,1210,952,ClicsCore,,Turkic
ciba1236,Cibak,,10.8977,12.902,ciba1236,,kraftchadic,441,429,ClicsCore,,Afro-Asiatic
cine1238,Nakatsa,,11.1319,13.8187,cine1238,,kraftchadic,435,423,ClicsCore,,Afro-Asiatic
clas1254,Tibetan (Written),,30.027852,91.158704,clas1254,,marrisonnaga,1144,783,ClicsCore,Tibetan,Sino-Tibetan
coca1259,Kokama,,-4.5,-74,coca1259,,tuled,383,354,ClicsCore,Omagua-Kokama,Tupian
cofa1242,Cofán,,0.276675,-77.0643,cofa1242,,idssegmented,1467,1108,ClicsCore,,Cofán
cogu1240,Kogui,,10.9485,-73.8043,cogu1240,,hubercolumbian,392,334,ClicsCore,,Chibchan
colo1256,Colorado,,-0.21181,-79.2347,colo1256,,idssegmented,1140,910,ClicsCore,,Barbacoan
coma1245,Comanche,,34.0,-101.0,coma1245,,huntergatherer,453,270,ClicsCore,,Uto-Aztecan
copa1236,Copainalá Zoque,,17.2157,-93.3183,copa1236,,johanssonsoundsymbolic,318,259,ClicsCore,,Mixe-Zoque
croa1245,Croatian,,45.20,16.83,croa1245,,northeuralex,1283,952,ClicsCore,,Indo-European
cube1242,Cubeo,,1.32382,-70.1939,cube1242,,huntergatherer,805,323,ClicsCore,,Tucanoan
cuib1242,Cuiba,,6.19829,-69.8197,cuib1242,,hubercolumbian,492,337,ClicsCore,,Guahiboan
cupe1243,Cupeño,,33.3148,-116.515,cupe1243,,huntergatherer,398,272,ClicsCore,,Uto-Aztecan
curr1243,Curripaco,,0.69618,-67.5028,curr1243,,hubercolumbian,364,340,ClicsCore,,Arawakan
czec1258,Czech,,49.873398,15.10437,czec1258,,idssegmented,1805,1302,ClicsCore,,Indo-European
daai1236,Daai Kal-im,,21.6,93.4432,daai1236,,chindialectsurvey,473,450,ClicsCore,Matupi Daai,Sino-Tibetan
daga1272,Jari,,11.6839,-2.48569,daga1272,,kraftchadic,365,363,ClicsCore,,Atlantic-Congo
dakp1242,Monpa Changprong,,27.578928,91.876393,dakp1242,,abrahammonpa,316,300,ClicsCore,Takpa,Sino-Tibetan
dani1285,Danish,,54.8655,9.36284,dani1285,,idssegmented,1559,1297,ClicsCore,,Indo-European
darg1241,Dargwa,,42.4257,47.4388,darg1241,,idssegmented,1768,1296,ClicsCore,,Nakh-Daghestanian
darl1243,Paakantyi,,-32.7021,142.695,darl1243,,bowernpny,321,317,ClicsCore,,Pama-Nyungan
dass1243,Dwot,,9.9325,9.51838,dass1243,,kraftchadic,422,410,ClicsCore,,Afro-Asiatic
daww1239,Dâw,,-0.1177,-67.2934,daww1239,,huntergatherer,450,317,ClicsCore,,Naduhup
dera1248,Dera,,10.072,12.0256,dera1248,,kraftchadic,455,415,ClicsCore,,Afro-Asiatic
desa1247,Desano,,0.58157,-69.4955,desa1247,,hubercolumbian,402,329,ClicsCore,,Tucanoan
dghw1239,Zə̀ɣvana,,11.05751,13.77847,dghw1239,,kraftchadic,445,427,ClicsCore,,Afro-Asiatic
dhar1247,Tharrgari,,-24.0601,114.847,dhar1247,,bowernpny,285,280,ClicsCore,,Pama-Nyungan
dhuw1249,Dhuwal,,-12.7825,136.008,dhuw1249,,bowernpny,296,293,ClicsCore,,Pama-Nyungan
dido1241,Tsez (Mokok dialect),,42.2646,45.8096,dido1241,,idssegmented,1523,1289,ClicsCore,,Nakh-Daghestanian
dier1241,Diyari,,-28.1667,138.0,dier1241,,bowernpny,319,314,ClicsCore,,Pama-Nyungan
dima1251,Dimasa,,25.42,93.18,dima1251,,marrisonnaga,919,770,ClicsCore,Boro,Sino-Tibetan
dime1235,Dime,,6.20951,36.3329,dime1235,,johanssonsoundsymbolic,287,250,ClicsCore,,South Omotic
diri1252,Rumanyo (Gciriku) K.38,,-18.1681,20.6678,diri1252,,bantubvd,436,381,ClicsCore,,Atlantic-Congo
diri1259,Dira,,11.1701,9.32363,diri1259,,kraftchadic,415,395,ClicsCore,,Afro-Asiatic
djam1256,Djambarrpuyngu,,-12.021,135.59,djam1256,,bowernpny,291,288,ClicsCore,,Pama-Nyungan
djap1238,Djapu,,-12.879764,136.417978,djap1238,,bowernpny,275,272,ClicsCore,,Pama-Nyungan
djeo1235,Djeoromitxi,,-12.038,-64.6694,djeo1235,,huntergatherer,388,295,ClicsCore,,Nuclear-Macro-Je
djin1251,Djingili,,-17.165,133.659,djin1251,,johanssonsoundsymbolic,295,251,ClicsCore,,Mirndi
djin1253,Djinang,,-12.462,134.82,djin1253,,bowernpny,310,304,ClicsCore,,Pama-Nyungan
djiw1241,Jiwarli,,-24.10724,116.98858,djiw1241,,bowernpny,296,291,ClicsCore,,Pama-Nyungan
doee1238,Doe,,-6.25844,38.4902,doee1238,,tls,1155,656,ClicsCore,,Atlantic-Congo
dong1286,Diaocao,,25.435,100.178,dong1286,,yanglalo,1060,852,ClicsCore,Lalo,Sino-Tibetan
dong1287,Dongnu,,24.201523,107.957327,dong1287,,chenhmongmien,913,795,ClicsCore,Hmongic,Hmong-Mien
drun1238,Trung [Dulong],,27.749017,98.691868,drun1238,,suntb,1003,907,ClicsCore,Nungic,Sino-Tibetan
dutc1256,Dutch,,52.5,6,dutc1256,,wold,1588,1458,ClicsCore,,Indo-European
dyaa1242,Djabugay,,-16.596,145.388,dyaa1242,,bowernpny,323,316,ClicsCore,,Pama-Nyungan
dzaa1238,Jenjo,,9.27,11.39,dzaa1238,,othanieljen,300,285,ClicsCore,,Atlantic-Congo
dzao1238,Zao Min,,24.612303,112.266749,dzao1238,,chenhmongmien,791,691,ClicsCore,Mienic,Hmong-Mien
east1436,Nepali,,27.5947033333,87.6200833333,east1436,,idssegmented,1098,1038,ClicsCore,,Indo-European
east2295,Yiddish,,51.75,19.42,east2295,,idssegmented,1786,1305,ClicsCore,,Indo-European
east2328,Mari,,55.8307,48.405,east2328,,idssegmented,1553,1302,ClicsCore,,Uralic
east2370,"Qiandong, East",,27.78098,110.499463,east2370,,chenhmongmien,785,697,ClicsCore,Hmongic,Hmong-Mien
east2371,"Xiangxi, East",,28.124036,109.890473,east2371,,chenhmongmien,869,774,ClicsCore,Hmongic,Hmong-Mien
east2555,Chiriguano,,-20.42,-63.37,east2555,,idssegmented,1413,1108,ClicsCore,,Tupian
egab1234,Ega,,26.4858945,98.8528962,egab1234,,wangbai,438,388,ClicsCore,Bai,Sino-Tibetan
ekaa1234,Yijiacun,,23.475,99.865,ekaa1234,,yanglalo,1090,864,ClicsCore,Lalo,Sino-Tibetan
emab1235,Langja Buyang,,23.604572,106.030277,emab1235,,idssegmented,1152,1087,ClicsCore,,Tai-Kadai
embe1260,Catío,,7.52721,-76.7476,embe1260,,hubercolumbian,406,339,ClicsCore,,Chocoan
embe1261,Embera Tadó,,5.23658,-77.1533,embe1261,,hubercolumbian,396,318,ClicsCore,,Chocoan
embe1262,Embera Chamí,,4.8791,-76.0749,embe1262,,hubercolumbian,407,319,ClicsCore,,Chocoan
embu1241,Embu,,-0.62822,37.5933,embu1241,,tls,1047,656,ClicsCore,,Atlantic-Congo
emer1243,Teko,,3.23694,-52.3699,emer1243,,tuled,470,411,ClicsCore,Tupi-Guarani,Tupian
enap1235,Panare,,6.95035,-65.8483,enap1235,,idssegmented,1115,1016,ClicsCore,,Cariban
enqi1234,Enqi,,26.4738155,99.1189832,enqi1234,,wangbai,457,400,ClicsCore,Bai,Sino-Tibetan
epen1239,Epena,,4.25877,-77.3566,epen1239,,idssegmented,1089,955,ClicsCore,,Chocoan
eree1240,rGyalrong (Jinchuan Guaninqiao Wobzi),,31.639053,101.445432,eree1240,,naganorgyalrongic,871,722,ClicsCore,Rgyalrong,Sino-Tibetan
eryu1239,Eryuan,,26.538056,99.910000,eryu1239,,allenbai,503,497,ClicsCore,Bai,Sino-Tibetan
erzy1239,Erzya Mordvin,,52.8548,45.3901,erzy1239,,idssegmented,1376,1276,ClicsCore,,Uralic
esee1248,Ese Ejja,,-11.7268,-67.515,esee1248,,idssegmented,968,723,ClicsCore,,Pano-Tacanan
esha1238,Narsu (NW Nisu),,24.25746171,102.0476517,esha1238,,yangyi,699,645,ClicsCore,Yi,Sino-Tibetan
esto1258,Estonian,,58.55,25.82,esto1258,,idssegmented,1687,1304,ClicsCore,,Uralic
even1259,Evenki,,65.75,105.30,even1259,,northeuralex,1224,943,ClicsCore,,Tungusic
even1260,Even,,70.6687,130.914,even1260,,oskolskayatungusic,386,253,ClicsCore,,Tungusic
fali1285,Fali Ɓwagira,,10.5419,13.4087,fali1285,,kraftchadic,412,405,ClicsCore,,Afro-Asiatic
farn1234,Laowu Nisu,,25.74329166,99.57814539,farn1234,,yangyi,698,636,ClicsCore,Yi,Sino-Tibetan
finn1318,Finnish,,64.7628,25.5577,finn1318,,idssegmented,1727,1304,ClicsCore,,Uralic
fipa1238,Fipa,,-7.88963,31.3442,fipa1238,,tls,1112,644,ClicsCore,,Atlantic-Congo
fore1265,Forest Enets,,69.98,88.21,fore1265,,northeuralex,1029,896,ClicsCore,,Uralic
gaan1243,Gábin,,10.2955,12.6479,gaan1243,,kraftchadic,438,428,ClicsCore,,Afro-Asiatic
gali1262,Kali'na,,5.5,-56,gali1262,,wold,1373,1178,ClicsCore,,Cariban
gami1243,Gamilaraay,,-29.9037,149.543,gami1243,,bowernpny,316,309,ClicsCore,,Pama-Nyungan
gand1255,Luganda,,0.66884,32.15153,gand1255,,tls,786,484,ClicsCore,,Atlantic-Congo
gavi1246,Gavião,,-10.7235,-61.6752,gavi1246,,tuled,489,400,ClicsCore,Mondé,Tupian
gaww1239,Gawwada,,5.5,37.25,gaww1239,,wold,1163,1136,ClicsCore,,Afro-Asiatic
gdon1234,rGyalrong (Maerkang Japhug Shaerzong (B)),,32.159653,102.159643,gdon1234,,naganorgyalrongic,948,777,ClicsCore,Rgyalrong,Sino-Tibetan
geji1246,Geji,,10.3478,9.64965,geji1246,,kraftchadic,421,416,ClicsCore,,Afro-Asiatic
gepo1234,Kopo (Gepo),,25.51563431,102.4630191,gepo1234,,yangyi,699,645,ClicsCore,Yi,Sino-Tibetan
gera1246,Gera,,10.4331,10.12,gera1246,,kraftchadic,392,388,ClicsCore,,Afro-Asiatic
ghod1238,Godoberi,,42.7428,46.2252,ghod1238,,idssegmented,1514,1283,ClicsCore,,Nakh-Daghestanian
ghul1238,Uncunwee,,11.6432,29.8122,ghul1238,,idssegmented,1762,1129,ClicsCore,,Nubian
gily1242,Nivkh,,52.59,140.68,gily1242,,northeuralex,982,678,ClicsCore,,Nivkh
glav1244,Gələvda,,11.1334,13.8652,glav1244,,kraftchadic,445,426,ClicsCore,,Afro-Asiatic
goem1240,Ankwe,,8.74455,9.72453,goem1240,,kraftchadic,432,427,ClicsCore,,Afro-Asiatic
goth1244,Gothic,,46.9304,29.9786,goth1244,,idssegmented,1001,749,ClicsCore,,Indo-European
gras1249,Grass Koiari,,-9.51218,147.437,gras1249,,johanssonsoundsymbolic,320,260,ClicsCore,,Koiarian
gree1278,Sanchong Kelao,,22.5632,104.698,gree1278,,idssegmented,1022,987,ClicsCore,,Tai-Kadai
guah1255,Guahibo,,5.81736,-68.9839,guah1255,,hubercolumbian,538,336,ClicsCore,,Guahiboan
guaj1255,Guajajara,,-4.69461,-45.7081,guaj1255,,tuled,473,414,ClicsCore,Tupi-Guarani,Tupian
guaj1256,Guajá,,-3.93574,-46.3683,guaj1256,,tuled,390,344,ClicsCore,Tupi-Guarani,Tupian
guam1248,Guambiano,,2.55849,-76.582,guam1248,,hubercolumbian,319,297,ClicsCore,,Barbacoan
guan1269,Wanano,,1.07554,-69.5705,guan1269,,hubercolumbian,392,339,ClicsCore,,Tucanoan
guar1292,Guarayo,,-15.8247,-61.6934,guar1292,,tuled,430,384,ClicsCore,Tupi-Guarani,Tupian
guar1293,Warekena ,,1.80835,-66.922505,guar1293,,huntergatherer,364,263,ClicsCore,,Arawakan
guay1257,Guayabero,,2.8969,-71.844,guay1257,,hubercolumbian,440,336,ClicsCore,,Guahiboan
gude1246,Gude,,10.2138,13.403,gude1246,,kraftchadic,438,428,ClicsCore,,Afro-Asiatic
gudu1250,Gudu,,10.1206,12.5359,gudu1250,,kraftchadic,434,428,ClicsCore,,Afro-Asiatic
gudu1252,Gava,,11.1057,13.7893,gudu1252,,kraftchadic,450,423,ClicsCore,,Afro-Asiatic
guhu1244,Guhu-Samane,,-7.99922,147.228,guhu1244,,johanssonsoundsymbolic,327,275,ClicsCore,,Nuclear Trans New Guinea
guib1244,Nung-Lazhai,,24.3,106.2,guib1244,,idssegmented,1668,1230,ClicsCore,,Tai-Kadai
guma1253,Gumatj,,-12.25254,136.83042,guma1253,,bowernpny,260,257,ClicsCore,,Pama-Nyungan
gupa1247,Gupapuyngu,,-12.2868,135.337,gupa1247,,bowernpny,308,304,ClicsCore,,Pama-Nyungan
gurd1238,Kurtjar,,-17.1653,141.145,gurd1238,,bowernpny,323,317,ClicsCore,,Pama-Nyungan
guri1247,Gurindji,,-17.6667,130.667,guri1247,,wold,1028,1017,ClicsCore,,Pama-Nyungan
gusi1247,Gusii,,-0.78872,34.76751,gusi1247,,tls,1219,659,ClicsCore,,Atlantic-Congo
guya1249,Guyani,,-34.739,137.661,guya1249,,bowernpny,282,280,ClicsCore,,Pama-Nyungan
gwen1239,Gweno,,-3.68407,37.6827,gwen1239,,tls,1014,621,ClicsCore,,Atlantic-Congo
gwer1238,Gwere,,1.11392,33.8227,gwer1238,,tls,1035,642,ClicsCore,,Atlantic-Congo
haaa1252,Kiha,,-3.77873,30.4894,haaa1252,,tls,1183,638,ClicsCore,,Atlantic-Congo
halh1238,Khalkha Mongolian,,48.32,106.29,halh1238,,northeuralex,1286,953,ClicsCore,,Mongolic
halk1245,Halkomelem,,49.250402,-122.443668,halk1245,,johanssonsoundsymbolic,338,278,ClicsCore,,Salishan
hang1260,Hangaza,,-2.52347,30.7074,hang1260,,tls,971,633,ClicsCore,,Atlantic-Congo
hani1248,Hani-Longwei,,23.28989,102.258828,hani1248,,yangyi,850,768,ClicsCore,Yi,Sino-Tibetan
haus1257,Hausa,,12,7,haus1257,,wold,1668,1384,ClicsCore,,Afro-Asiatic
hava1248,Yavapai,,35.6302,-113.385,hava1248,,huntergatherer,600,253,ClicsCore,,Cochimi-Yuman
hawa1245,Hawaiian,,19.6297,-155.43,hawa1245,,idssegmented,2586,1067,ClicsCore,,Austronesian
haya1250,Haya,,-1.70878,31.4846,haya1250,,tls,1119,620,ClicsCore,,Atlantic-Congo
hebr1245,Modern Hebrew,,31.11,35.02,hebr1245,,northeuralex,1079,953,ClicsCore,,Afro-Asiatic
hehe1240,Hehe,,-7.71572,35.7255,hehe1240,,tls,1145,636,ClicsCore,,Atlantic-Congo
heqi1238,Heqing,,26.0991374,99.9416161,heqi1238,,allenbai,502,499,ClicsCore,Bai,Sino-Tibetan
high1242,Highland Oaxaca Chontal,,16.1849,-95.7301,high1242,,johanssonsoundsymbolic,282,256,ClicsCore,,Tequistlatecan
high1278,Nahuatl (Sierra de Zacapoaxtla variety),,20.1554,-97.5556,high1278,,idssegmented,1418,886,ClicsCore,,Uto-Aztecan
hind1269,Hindi,,25.0,77.0,hind1269,,idssegmented,1628,1307,ClicsCore,,Indo-European
hinu1240,Hinuq,,42.4502,45.8064,hinu1240,,idssegmented,1748,1287,ClicsCore,,Nakh-Daghestanian
hitt1242,Hittite,,40.0,35.0,hitt1242,,idssegmented,1108,679,ClicsCore,,Indo-European
hlai1239,Hlai (Baoting variety),,18.8062,109.459,hlai1239,,idssegmented,1280,1133,ClicsCore,,Tai-Kadai
hlep1236,Hlepho,,23.33390151,103.7217585,hlep1236,,yangyi,707,640,ClicsCore,Yi,Sino-Tibetan
hmon1333,White Hmong,,26,105,hmon1333,,wold,1474,1295,ClicsCore,,Hmong-Mien
homs1234,Armenian (Western variety),,40.1897,44.4839,homs1234,,idssegmented,1835,1297,ClicsCore,,Indo-European
honi1244,Haoni,,23.44336047,101.7461037,honi1244,,yangyi,756,690,ClicsCore,Yi,Sino-Tibetan
hrus1242,Hruso Aka Jamiri,,27.184929,92.599114,hrus1242,,abrahammonpa,305,296,ClicsCore,Khobwa,Sino-Tibetan
huam1247,Huambisa,,-3.99109,-77.9797,huam1247,,huntergatherer,386,304,ClicsCore,,Chicham
huba1236,Kilba,,10.3544,13.139,huba1236,,kraftchadic,437,428,ClicsCore,,Afro-Asiatic
huil1243,Sodi,,26.65502606,102.2446829,huil1243,,yangyi,699,645,ClicsCore,Yi,Sino-Tibetan
hung1274,Hungarian,,46.9068585714,19.6555271429,hung1274,,idssegmented,1711,1303,ClicsCore,,Uralic
hunz1247,Hunzib,,42.0808,46.1369,hunz1247,,idssegmented,1529,1288,ClicsCore,,Nakh-Daghestanian
hupd1244,Hup,,0.166667,-69.25,hupd1244,,wold,1179,1089,ClicsCore,,Naduhup
huuu1240,Xu,,22.0163,100.881,huuu1240,,idssegmented,997,946,ClicsCore,,Austroasiatic
hwan1240,Hwona,,10.3633,12.7683,hwan1240,,kraftchadic,446,429,ClicsCore,,Afro-Asiatic
hyaa1239,Higi Ghye,,10.4814,13.526,hyaa1239,,kraftchadic,429,406,ClicsCore,,Afro-Asiatic
icel1247,Icelandic,,63.48,-19.02,icel1247,,northeuralex,1172,953,ClicsCore,,Indo-European
igna1246,Ignaciano,,-15.1188,-65.3993,igna1246,,idssegmented,1109,834,ClicsCore,,Arawakan
ikiz1238,Ikizu,,-1.9915,34.3589,ikiz1238,,tls,1024,633,ClicsCore,,Atlantic-Congo
ikom1245,Nata,,-1.94989,34.5361,ikom1245,,tls,968,629,ClicsCore,,Atlantic-Congo
imba1240,Imbabura Quechua,,0.333333,-78,imba1240,,wold,1319,1295,ClicsCore,,Quechuan
inar1241,Inari Sami,,69.42,27.87,inar1241,,northeuralex,1158,947,ClicsCore,,Uralic
ines1240,Ineseño,,34.6169,-120.08,ines1240,,johanssonsoundsymbolic,329,269,ClicsCore,,Chumashan
inga1252,Inga,,1.00313,-76.8606,inga1252,,hubercolumbian,364,319,ClicsCore,,Quechuan
ingu1240,Ingush,,43.11,45.03,ingu1240,,idssegmented,1516,1303,ClicsCore,,Nakh-Daghestanian
iqui1243,Iquito,,-3.31233,-73.97046,iqui1243,,huntergatherer,484,290,ClicsCore,,Zaparoan
iraq1241,Iraqw,,-4,35.5,iraq1241,,wold,1262,1195,ClicsCore,,Afro-Asiatic
iris1253,Irish,,53.2186,-7.61509,iris1253,,idssegmented,2420,1259,ClicsCore,,Indo-European
iron1242,Ossetic,,42.98,44.61,iron1242,,idssegmented,2382,1283,ClicsCore,,Indo-European
ital1282,Italian,,43.0464,12.6489,ital1282,,idssegmented,1543,1308,ClicsCore,,Indo-European
itel1242,Itelmen,,56.78,156.91,itel1242,,northeuralex,677,621,ClicsCore,,Chukotko-Kamchatkan
itip1234,Itipula,,-9.34988,35.21523,itip1234,,mitterhoferbena,296,289,ClicsCore,,Atlantic-Congo
iton1250,Itonama,,-12.80431,-64.35748,iton1250,,idssegmented,902,675,ClicsCore,,Itonama
iumi1238,Mien,,24.172823,110.054488,iumi1238,,chenhmongmien,901,793,ClicsCore,Mienic,Hmong-Mien
iyoj1235,Chorote,,-22.1896,-63.2383,iyoj1235,,idssegmented,1510,1078,ClicsCore,,Matacoan
jama1261,Jamamadí,,-7.62223,-66.5662,jama1261,,johanssonsoundsymbolic,316,257,ClicsCore,,Arawan
jama1262,Jamaican Creole (Limonese Creole dialect),,18.13,-77.2612,jama1262,,idssegmented,1676,1270,ClicsCore,,Indo-European
jaru1254,Jaru,,-18.3288,128.262,jaru1254,,bowernpny,332,325,ClicsCore,,Pama-Nyungan
jeri1243,Jerigaon,,27.340629,92.486595,jeri1243,,bodtkhobwa,521,414,ClicsCore,Western Kho-Bwa,Sino-Tibetan
jian1239,Jianchuan,,26.5536208,100.1396921,jian1239,,allenbai,513,499,ClicsCore,Bai,Sino-Tibetan
jing1260,Jingpho,,25.461826,97.329866,jing1260,,marrisonnaga,1043,763,ClicsCore,Kachin,Sino-Tibetan
jion1236,Jiongnai,,24.071002,110.105752,jion1236,,chenhmongmien,895,794,ClicsCore,Hmongic,Hmong-Mien
jita1239,Jita,,-1.62681,33.9141,jita1239,,tls,1049,646,ClicsCore,,Atlantic-Congo
jude1256,Judeo-Tat,,42.068306,48.264749,jude1256,,idssegmented,2215,1291,ClicsCore,,Indo-European
juho1239,Ju'hoan,,-19.688,20.7673,juho1239,,johanssonsoundsymbolic,333,273,ClicsCore,,Kxa
juru1256,Juruna,,-10.9354,-53.3472,juru1256,,tuled,406,357,ClicsCore,Juruna,Tupian
kaer1234,Kaera,,-8.3287,124.0177,kaer1234,,robinsonap,384,362,ClicsCore,,Timor-Alor-Pantar
kain1272,Kaingáng,,-27.7671,-52.5394,kain1272,,idssegmented,1714,1011,ClicsCore,,Nuclear-Macro-Je
kajt1238,Dargwa (Khajdak dialect),,42.052428,47.776611,kajt1238,,idssegmented,1493,1300,ClicsCore,,Nakh-Daghestanian
kala1376,Monpa Kalaktang,,27.104162,92.113017,kala1376,,abrahammonpa,324,301,ClicsCore,Tshanglic,Sino-Tibetan
kala1377,Mabuiag,,-10.6748,142.196,kala1377,,bowernpny,293,289,ClicsCore,,Pama-Nyungan
kala1399,Kalaallisut,,69.38,-52.86,kala1399,,northeuralex,1076,823,ClicsCore,,Eskimo-Aleut
kalk1246,Kalkatungu,,-21.0,139.5,kalk1246,,bowernpny,305,297,ClicsCore,,Pama-Nyungan
kalm1243,Kalmyk,,46.57,45.32,kalm1243,,northeuralex,1139,952,ClicsCore,,Mongolic
kama1365,Kamang,,-8.26897,124.792,kama1365,,robinsonap,380,364,ClicsCore,,Timor-Alor-Pantar
kama1373,Kamajura,,-12.2661,-53.4651,kama1373,,tuled,304,289,ClicsCore,Tupi-Guarani,Tupian
kamb1297,Kamba_kitu,,-1.60827,37.9532,kamb1297,,tls,1146,653,ClicsCore,,Atlantic-Congo
kami1256,Kami,,-6.71075,37.98,kami1256,,tls,1062,648,ClicsCore,,Atlantic-Congo
kamw1239,Higi Nkafa,,10.646,13.5136,kamw1239,,kraftchadic,488,427,ClicsCore,,Afro-Asiatic
kana1293,Kanamalenga,,-8.91872,34.63776,kana1293,,mitterhoferbena,301,296,ClicsCore,,Atlantic-Congo
kara1464,Karaim,,54.5534,25.1054,kara1464,,savelyevturkic,289,251,ClicsCore,,Turkic
kara1474,Karata,,42.6501,46.3151,kara1474,,idssegmented,1484,1290,ClicsCore,,Nakh-Daghestanian
kara1476,Karajarri,,-18.6771,122.334,kara1476,,bowernpny,332,324,ClicsCore,,Pama-Nyungan
kara1481,Kilegi,,-1.83511,33.0488,kara1481,,tls,1105,646,ClicsCore,,Atlantic-Congo
kara1500,Karajá,,-11.1881,-50.3492,kara1500,,idssegmented,525,452,ClicsCore,,Nuclear-Macro-Je
karb1241,Mikir,,25.735084,93.050494,karb1241,,marrisonnaga,1359,818,ClicsCore,Other Tibeto-Burman,Sino-Tibetan
kare1335,North Karelian,,65.17,30.87,kare1335,,northeuralex,1223,953,ClicsCore,,Uralic
kare1348,Karekare,,12.5176,10.8732,kare1348,,kraftchadic,397,393,ClicsCore,,Afro-Asiatic
kari1311,Karitiana,,-9.37937,-64.1522,kari1311,,tuled,487,395,ClicsCore,Arikem,Tupian
karo1304,Karok,,41.8228,-123.315,karo1304,,idssegmented,852,815,ClicsCore,,Karok
karo1305,Karo,,-10.3342,-61.5691,karo1305,,tuled,427,387,ClicsCore,Ramarana-Purubora,Tupian
kart1247,Kartujarra,,-23.27912,121.73213,kart1247,,bowernpny,294,289,ClicsCore,,Pama-Nyungan
katc1249,Katcha,,10.8423,29.4914,katc1249,,johanssonsoundsymbolic,332,272,ClicsCore,,Kadugli-Krongo
kats1235,Kazhuo,,24.1478565,102.6653471,kats1235,,yangyi,708,648,ClicsCore,Yi,Sino-Tibetan
kaur1267,Kaurna,,-34.34966141,138.4800794,kaur1267,,bowernpny,315,311,ClicsCore,,Pama-Nyungan
kaza1248,Kazakh,,49.80,73.15,kaza1248,,northeuralex,1312,953,ClicsCore,,Turkic
kekc1242,Q'eqchi',,16,-89.8333,kekc1242,,wold,1995,1372,ClicsCore,,Mayan
kelo1247,Klon,,-8.40688,124.429,kelo1247,,robinsonap,407,343,ClicsCore,,Timor-Alor-Pantar
kere1283,Kerebe,,-2.09315,33.5326,kere1283,,tls,1103,637,ClicsCore,,Atlantic-Congo
kett1243,Ket,,64,87,kett1243,,wold,1262,1153,ClicsCore,,Yeniseian
kham1282,Tibetan_Batang,,30.00795,99.111944,kham1282,,sagartst,272,250,ClicsCore,Tibetan,Sino-Tibetan
khan1273,Khanty,,62.4308,66.1218,khan1273,,idssegmented,1404,1130,ClicsCore,,Uralic
khap1242,Kha Poong,,18.25,105.0,khap1242,,idssegmented,1345,1119,ClicsCore,,Austroasiatic
khas1269,Khasi,,24.977,91.9998,khas1269,,idssegmented,1252,1098,ClicsCore,,Austroasiatic
khin1240,Khinalug,,41.1801,48.0571,khin1240,,idssegmented,1631,1275,ClicsCore,,Nakh-Daghestanian
khoi1252,Khoitam,,27.327487,92.439455,khoi1252,,bodtkhobwa,579,473,ClicsCore,Western Kho-Bwa,Sino-Tibetan
khon1248,Angami Khonoma,,25.65,94.0333,khon1248,,marrisonnaga,845,712,ClicsCore,Angami,Sino-Tibetan
khum1248,Khumi,,22.87125,92.9894633333,khum1248,,sohartmannchin,280,276,ClicsCore,Chin,Sino-Tibetan
khun1259,Tai Khün,,19.6062,99.3363,khun1259,,idssegmented,1555,1305,ClicsCore,,Tai-Kadai
khva1239,Khwarshi (Kwantlada dialect),,42.2743,45.9977,khva1239,,idssegmented,1742,1288,ClicsCore,,Nakh-Daghestanian
kiku1240,Kikuyu,,-0.29005,36.719,kiku1240,,tls,1090,633,ClicsCore,,Atlantic-Congo
kild1236,Kildin Saami,,67,37,kild1236,,wold,1473,1377,ClicsCore,,Uralic
kimb1242,Kimbu,,-7.23023,33.6445,kimb1242,,tls,1176,655,ClicsCore,,Atlantic-Congo
kimm1245,Kim Mun,,18.955781,109.86012,kimm1245,,chenhmongmien,864,776,ClicsCore,Mienic,Hmong-Mien
kiry1234,Fali Kiria,,10.48,13.36,kiry1234,,kraftchadic,449,427,ClicsCore,,Afro-Asiatic
kisi1243,Kisi,,-9.93,34.4825,kisi1243,,tls,1077,638,ClicsCore,,Atlantic-Congo
klam1254,Klamath,,42.5861,-121.704,klam1254,,johanssonsoundsymbolic,311,263,ClicsCore,,Klamath-Modoc
komi1268,Komi,,64.0527,54.946,komi1268,,idssegmented,1771,1298,ClicsCore,,Uralic
komi1269,Komi-Permyak,,59.66,54.80,komi1269,,northeuralex,1073,943,ClicsCore,,Uralic
kony1246,Konyak,,26.55,95.05,kony1246,,marrisonnaga,983,752,ClicsCore,Konyak,Sino-Tibetan
kora1294,Yegha (Korafe Dialect),,-9.07,149.267,kora1294,,transnewguineaorg,517,260,ClicsCore,,Nuclear Trans New Guinea
kore1280,Korean,,37.50,128.00,kore1280,,northeuralex,1031,943,ClicsCore,,Koreanic
kore1283,Koreguaje,,0.92316,-75.3475,kore1283,,hubercolumbian,416,334,ClicsCore,,Tucanoan
koyo1242,Koyo C.24,,-0.69688,15.7508,koyo1242,,bantubvd,386,358,ClicsCore,,Atlantic-Congo
kryt1240,Kryz,,41.1811,48.1846,kryt1240,,idssegmented,1473,1203,ClicsCore,,Nakh-Daghestanian
kuan1249,Kuansi,,26.33305556,100.25,kuan1249,,yangyi,540,514,ClicsCore,Yi,Sino-Tibetan
kuba1248,Dargwa (Kubachi dialect),,42.08504,47.601843,kuba1248,,idssegmented,1363,1278,ClicsCore,,Nakh-Daghestanian
kuka1246,Kukatja,,-20.3321,127.666,kuka1246,,bowernpny,326,319,ClicsCore,,Pama-Nyungan
kumb1268,Gumbaynggir,,-29.8189,152.913,kumb1268,,bowernpny,272,269,ClicsCore,,Pama-Nyungan
kumy1244,Kumyk,,43.0,47.0,kumy1244,,idssegmented,1805,1300,ClicsCore,,Turkic
kunz1244,Kunza,,-23.0,-69.0,kunz1244,,idssegmented,895,529,ClicsCore,,Kunza
kuri1259,Kuria_tari,,-1.50636,34.5049,kuri1259,,tls,1372,658,ClicsCore,,Atlantic-Congo
kuru1309,Kuruaya,,-3.09561,-52.2303,kuru1309,,tuled,323,287,ClicsCore,Munduruku,Tupian
kutu1263,Kutu,,-7.23789,37.8623,kutu1263,,tls,1045,645,ClicsCore,,Atlantic-Congo
kway1241,Mkwaya,,-1.80737,33.71,kway1241,,tls,1052,639,ClicsCore,,Atlantic-Congo
kwaz1243,Kwazá,,-11.6667,-61.1833,kwaz1243,,huntergatherer,558,278,ClicsCore,,Kwaza
kwer1261,Kwere,,-6.50666,38.4449,kwer1261,,tls,1103,659,ClicsCore,,Atlantic-Congo
kyak1243,Kyãk,,9.52,11.28,kyak1243,,othanieljen,300,285,ClicsCore,,Atlantic-Congo
labi1245,Jaku,,10.4847,9.59527,labi1245,,kraftchadic,425,420,ClicsCore,,Atlantic-Congo
lahu1253,Lahu,,21.2701,100.214,lahu1253,,lamanisoic,301,283,ClicsCore,,Sino-Tibetan
lakk1238,Lakkia,,24.1169,110.106,lakk1238,,idssegmented,1412,1241,ClicsCore,,Tai-Kadai
lakk1252,Lak (Shali dialect),,42.1328,47.0809,lakk1252,,idssegmented,1548,1290,ClicsCore,,Nakh-Daghestanian
lako1247,Lakota,,46.3699,-103.95,lako1247,,johanssonsoundsymbolic,341,281,ClicsCore,,Siouan
lamb1272,Lambya,,-9.49372,33.15852,lamb1272,,tls,1056,659,ClicsCore,,Atlantic-Congo
lame1257,Lame,,10.7229,8.78768,lame1257,,kraftchadic,437,427,ClicsCore,,Atlantic-Congo
lamm1241,Western Pantar,,-8.52787,124.057,lamm1241,,robinsonap,423,386,ClicsCore,,Timor-Alor-Pantar
lang1316,Ecun Buyang,,23.550258,106.016896,lang1316,,idssegmented,1112,1033,ClicsCore,,Tai-Kadai
lang1320,Langi,,-4.71413,35.9517,lang1320,,tls,1081,646,ClicsCore,,Atlantic-Congo
lanp1241,Lanping,,26.5158555,99.2581092,lanp1241,,allenbai,512,498,ClicsCore,Bai,Sino-Tibetan
larg1235,"Chuanqiandian, Northeast Yunnan",,27.096059,103.698607,larg1235,,chenhmongmien,900,792,ClicsCore,Hmongic,Hmong-Mien
lati1261,Latin,,41.9026,12.4502,lati1261,,idssegmented,1933,1282,ClicsCore,,Indo-European
latv1249,Latvian,,56.826108,24.309118,latv1249,,idssegmented,1693,1308,ClicsCore,,Indo-European
lawu1238,Lawu,,24.1338571,101.4986393,lawu1238,,yangyi,828,731,ClicsCore,Yi,Sino-Tibetan
leel1242,Lelau,,9.29,11.16,leel1242,,othanieljen,300,285,ClicsCore,,Atlantic-Congo
lega1249,Lega D.25,,-3.83196,27.1424,lega1249,,bantubvd,369,352,ClicsCore,,Atlantic-Congo
leng1262,Lengua,,-22.6559,-58.9053,leng1262,,idssegmented,1110,1099,ClicsCore,,Lengua-Mascoy
lezg1247,Lezgian,,41.5157,47.8951,lezg1247,,idssegmented,1850,1302,ClicsCore,,Nakh-Daghestanian
lian1251,Liangmai,,25.3667,93.6333,lian1251,,marrisonnaga,727,619,ClicsCore,Zemeic,Sino-Tibetan
limi1243,Limi,,24.2046473,99.70780531,limi1243,,yangyi,969,843,ClicsCore,Yi,Sino-Tibetan
lipo1242,Lipo,,25.226,101.302,lipo1242,,lamanisoic,290,273,ClicsCore,,Sino-Tibetan
lish1235,Khispi,,27.37,92.23,lish1235,,bodtkhobwa,640,466,ClicsCore,Western Kho-Bwa,Sino-Tibetan
lisu1250,Lisu,,26.91,98.94,lisu1250,,lamanisoic,301,283,ClicsCore,,Sino-Tibetan
lith1251,Lithuanian,,55.1429,23.9601,lith1251,,idssegmented,1919,1305,ClicsCore,,Indo-European
livv1243,Olonets Karelian,,61.00,33.00,livv1243,,northeuralex,1343,953,ClicsCore,,Uralic
livv1244,Livonian,,57.57,22.03,livv1244,,northeuralex,1189,953,ClicsCore,,Uralic
liwe1234,Liwengi,,-9.58491,35.12116,liwe1234,,mitterhoferbena,302,293,ClicsCore,,Atlantic-Congo
lixi1238,rGyalrong (Lixian Xuecheng Jiamizhai),,31.617273,103.276061,lixi1238,,naganorgyalrongic,1219,878,ClicsCore,Rgyalrong,Sino-Tibetan
logo1258,Maragoli,,0.09487,34.729,logo1258,,tls,1199,655,ClicsCore,,Atlantic-Congo
lolo1259,Lolopo,,25.50051,101.30185,lolo1259,,lamanisoic,301,283,ClicsCore,,Sino-Tibetan
looo1238,Loo,,9.41,11.05,looo1238,,othanieljen,299,284,ClicsCore,,Atlantic-Congo
loth1237,Lotha,,26.1,94.2667,loth1237,,marrisonnaga,1075,803,ClicsCore,Lotha,Sino-Tibetan
lowe1385,Lower Sorbian,,51.75,14.3333,lowe1385,,wold,1765,1426,ClicsCore,,Indo-European
lugu1238,Luguru,,-6.86828,37.5557,lugu1238,,tls,1031,582,ClicsCore,,Atlantic-Congo
lule1254,Lule Sami,,67.28,17.81,lule1254,,northeuralex,1292,953,ClicsCore,,Uralic
luop1235,"Luobuohe, Eastern",,26.63966,107.913354,luop1235,,chenhmongmien,891,792,ClicsCore,Hmongic,Hmong-Mien
luqu1238,Luowu Nisu,,24.55990379,101.7955965,luqu1238,,yangyi,732,684,ClicsCore,Yi,Sino-Tibetan
lush1249,Lushai,,22.60535,92.629457,lush1249,,marrisonnaga,1114,814,ClicsCore,Kuki Chin-Central,Sino-Tibetan
luuu1242,Tai Lü,,21.0321,101.282,luuu1242,,idssegmented,1367,1239,ClicsCore,,Tai-Kadai
maan1239,Maang,,23.555104,105.70091,maan1239,,lamanisoic,292,276,ClicsCore,,Sino-Tibetan
maca1259,Jitnu,,6.34582,-71.2671,maca1259,,hubercolumbian,366,320,ClicsCore,,Guahiboan
maca1260,Maca,,-25.0119,-57.3694,maca1260,,idssegmented,1063,964,ClicsCore,,Matacoan
mach1266,Machame,,-3.29385,37.0703,mach1266,,tls,1043,644,ClicsCore,,Atlantic-Congo
macu1259,Macushi,,4.31861,-60.2209,macu1259,,idssegmented,947,909,ClicsCore,,Cariban
macu1260,Macuna,,-0.14459,-70.0749,macu1260,,hubercolumbian,397,346,ClicsCore,,Tucanoan
maer1238,rGyalrong (Maerkang Soman),,31.864114,102.484959,maer1238,,naganorgyalrongic,1229,884,ClicsCore,Rgyalrong,Sino-Tibetan
mafa1239,Matakam,,10.943,13.8181,mafa1239,,kraftchadic,408,402,ClicsCore,,Afro-Asiatic
magh1238,Maghdi,,9.29,11.02,magh1238,,othanieljen,300,285,ClicsCore,,Atlantic-Congo
maha1287,Mahasu Pahari (Kotghari dialect),,31.0088,77.5317,maha1287,,idssegmented,1115,798,ClicsCore,,Indo-European
maib1239,Maybrat,,-1.3679,132.591,maib1239,,johanssonsoundsymbolic,334,274,ClicsCore,,Maybrat
makn1235,Mak,,9.37,11.13,makn1235,,othanieljen,300,285,ClicsCore,,Atlantic-Congo
mako1251,Makonde,,-10.9906,39.5133,mako1251,,tls,1199,650,ClicsCore,,Atlantic-Congo
maku1278,Makurap,,-11.8701,-64.3201,maku1278,,tuled,459,401,ClicsCore,Tuparí,Tupian
mala1464,Malayalam,,9.59,76.77,mala1464,,northeuralex,1035,953,ClicsCore,,Dravidian
mala1522,Dí̵mi̵na,,10.9286,-73.4056,mala1522,,hubercolumbian,364,318,ClicsCore,,Chibchan
mali1279,Malila,,-9.16619,33.339,mali1279,,tls,1077,643,ClicsCore,,Atlantic-Congo
mali1284,Mali,,-4.71826,152.214,mali1284,,johanssonsoundsymbolic,302,266,ClicsCore,,Baining
mana1288,Manange,,28,84.25,mana1288,,wold,1124,1084,ClicsCore,,Sino-Tibetan
manc1252,Manchu,,47.31,126.56,manc1252,,northeuralex,1513,933,ClicsCore,,Tungusic
mand1415,Mandarin Chinese,,34,110,mand1415,,wold,2130,1427,ClicsCore,,Sino-Tibetan
mand1423,Manda,,-10.3991,34.7424,mand1423,,tls,1090,651,ClicsCore,,Atlantic-Congo
mand1476,Burmese (Spoken Rangoon),,16.867489,96.191442,mand1476,,suntb,1002,923,ClicsCore,Burmish,Sino-Tibetan
mang1378,Mang Ch,,21.4305,102.133,mang1378,,idssegmented,1336,1256,ClicsCore,,Austroasiatic
mani1292,Manipuri,,24.44,93.34,mani1292,,marrisonnaga,975,801,ClicsCore,Other Tibeto-Burman,Sino-Tibetan
manm1238,Kme-2 (Kemie variety),,22.0743,100.842,manm1238,,idssegmented,1204,1182,ClicsCore,,Austroasiatic
mans1258,Mansi,,64.4118,61.344,mans1258,,idssegmented,1461,1158,ClicsCore,,Uralic
maon1238,Mao,,25.4667,94.1167,maon1238,,marrisonnaga,718,630,ClicsCore,Angami,Sino-Tibetan
maon1241,Maonan,,25.0169,108.024,maon1241,,idssegmented,1176,1093,ClicsCore,,Tai-Kadai
maor1246,Maori,,-38.2881,176.541,maor1246,,idssegmented,2174,1078,ClicsCore,,Austronesian
mapu1245,Mapudungun,,-38,-72,mapu1245,,wold,1412,1150,ClicsCore,,Araucanian
maqu1238,De'kwana,,4.70705,-64.3877,maqu1238,,idssegmented,439,430,ClicsCore,,Cariban
mara1378,Marathi,,17.9344,76.6665,mara1378,,idssegmented,1592,1285,ClicsCore,,Indo-European
marg1253,Margany,,-26.789,144.892,marg1253,,bowernpny,274,269,ClicsCore,,Pama-Nyungan
marg1265,Margi,,10.93854,13.0521,marg1265,,kraftchadic,449,426,ClicsCore,,Afro-Asiatic
marg1266,Hildi,,10.53854,12.99521,marg1266,,kraftchadic,458,429,ClicsCore,,Afro-Asiatic
mari1416,Maring,,24.05,94.0333,mari1416,,marrisonnaga,421,356,ClicsCore,Maringic,Sino-Tibetan
mart1256,Martu Wangka,,-23.350911655789,123.66842240336,mart1256,,bowernpny,295,290,ClicsCore,,Pama-Nyungan
masa1299,Lumasaaba,,1.05906,34.2829,masa1299,,tls,1251,643,ClicsCore,,Atlantic-Congo
masa1300,Maasai,,-3.1419,36.4573,masa1300,,johanssonsoundsymbolic,323,271,ClicsCore,,Nilotic
masa1322,Massa,,10.0606,15.4748,masa1322,,kraftchadic,450,428,ClicsCore,,Afro-Asiatic
mash1270,Mashco Piro,,-11.4745,-70.7953,mash1270,,idssegmented,569,458,ClicsCore,,Arawakan
mate1258,Matengo,,-11.554,35.0056,mate1258,,tls,1096,642,ClicsCore,,Atlantic-Congo
mats1244,Matses,,-5.73914,-72.6281,mats1244,,huntergatherer,492,311,ClicsCore,,Pano-Tacanan
matu1259,Matumbi,,-8.53734,39.0409,matu1259,,tls,789,529,ClicsCore,,Atlantic-Congo
mbun1248,Mbunga,,-8.19661,36.5362,mbun1248,,tls,1113,628,ClicsCore,,Atlantic-Congo
mbya1239,Mbya,,-26.0188,-52.711,mbya1239,,tuled,400,364,ClicsCore,Tupi-Guarani,Tupian
meru1245,Meru,,0.26484,37.7396,meru1245,,tls,992,632,ClicsCore,,Atlantic-Congo
mesm1239,Misme (Zime),,9.28888,15.7018,mesm1239,,kraftchadic,439,429,ClicsCore,,Afro-Asiatic
mezq1235,Otomi,,20.1667,-98.8333,mezq1235,,wold,2558,1413,ClicsCore,,Otomanguean
midd1317,Middle English,,51.65,-1.11,midd1317,,idssegmented,1995,1260,ClicsCore,,Indo-European
midd1343,Middle High German,,48.254,10.599,midd1343,,idssegmented,1997,1280,ClicsCore,,Indo-European
miji1239,Namrei Bisai,,27.682796,92.700031,miji1239,,abrahammonpa,301,295,ClicsCore,Khobwa,Sino-Tibetan
ming1254,Munga Dosso,,9.26,11.29,ming1254,,othanieljen,300,285,ClicsCore,,Atlantic-Congo
mini1256,Witoto Mi̵ni̵ca,,-1.54535,-73.1107,mini1256,,hubercolumbian,461,343,ClicsCore,,Huitotoan
mish1244,Cip,,9.20477,9.33752,mish1244,,kraftchadic,420,415,ClicsCore,,Afro-Asiatic
misk1235,Miskito,,15.1576,-84.2942,misk1235,,johanssonsoundsymbolic,331,271,ClicsCore,,Misumalpan
mixe1288,Great Andamanese,,11.67,92.74,mixe1288,,johanssonsoundsymbolic,297,254,ClicsCore,,Great Andamanese
miya1266,Miya,,10.9234,9.71505,miya1266,,kraftchadic,400,396,ClicsCore,,Afro-Asiatic
mlab1235,Mlabri,,18.5533,101.163,mlab1235,,idssegmented,929,919,ClicsCore,,Austroasiatic
moco1246,Mocoví,,-28.097,-60.4145,moco1246,,idssegmented,1195,1117,ClicsCore,,Guaicuruan
mode1248,Modern Greek,,38.36,23.13,mode1248,,idssegmented,1721,1307,ClicsCore,,Indo-European
moks1248,Moksha,,54.19,42.67,moks1248,,northeuralex,1157,952,ClicsCore,,Uralic
mond1267,Mongi,,23.39918383,105.2343413,mond1267,,yangyi,699,645,ClicsCore,Yi,Sino-Tibetan
mong1332,Ao Mongsen,,26.4167,94.4,mong1332,,marrisonnaga,924,734,ClicsCore,Ao,Sino-Tibetan
mooo1239,Moo,,9.44,11.2,mooo1239,,othanieljen,300,285,ClicsCore,,Atlantic-Congo
mose1249,Mosetén,,-14.64448,-67.83756,mose1249,,idssegmented,1162,1034,ClicsCore,,Mosetén-Chimané
movi1243,Movima,,-13.8115,-65.6348,movi1243,,idssegmented,1038,1035,ClicsCore,,Movima
mpot1240,Mpoto,,-11.13767,34.71269,mpot1240,,tls,954,589,ClicsCore,,Atlantic-Congo
mroc1235,Mro-Khimi Areong 10Kya Gaung village (Mro-khami),,21.3,92.85,mroc1235,,chindialectsurvey,476,449,ClicsCore,Paletwa Daai,Sino-Tibetan
mudb1240,Mudburra,,-16.7694,132.329,mudb1240,,bowernpny,307,300,ClicsCore,,Pama-Nyungan
muin1242,Muinane,,-0.8652,-72.4249,muin1242,,hubercolumbian,557,342,ClicsCore,,Boran
mula1253,Mulam,,24.8151,108.928,mula1253,,idssegmented,1145,1072,ClicsCore,,Tai-Kadai
munc1235,Ng'ga Kant-thayung,,21.2,94.016667,munc1235,,chindialectsurvey,485,450,ClicsCore,Matupi Daai,Sino-Tibetan
mund1330,Mundurukú,,-8.41095,-57.691,mund1330,,idssegmented,533,437,ClicsCore,,Tupian
muru1266,Muruwari,,-28.9618,146.546,muru1266,,bowernpny,310,304,ClicsCore,,Pama-Nyungan
muru1274,Witoto Murui,,-1.13669,-73.8331,muru1274,,hubercolumbian,435,338,ClicsCore,,Huitotoan
muse1242,Banana (Mouseye),,9.81612,15.4115,muse1242,,kraftchadic,449,428,ClicsCore,,Afro-Asiatic
muya1239,Nyagrong Minyag (Ganzi Xinlong),,30.932449,100.326871,muya1239,,naganorgyalrongic,624,543,ClicsCore,Rgyalrong,Sino-Tibetan
mwag1236,Sura,,9.47205,8.96522,mwag1236,,kraftchadic,425,414,ClicsCore,,Afro-Asiatic
mwer1248,Mwera1,,-9.75639,38.8762,mwer1248,,tls,1065,633,ClicsCore,,Atlantic-Congo
mzie1235,Mzieme,,25.5167,93.75,mzie1235,,marrisonnaga,582,506,ClicsCore,Zemeic,Sino-Tibetan
naaa1244,Black Lahu,,22.21900429,99.70134153,naaa1244,,yangyi,723,667,ClicsCore,Yi,Sino-Tibetan
nana1257,Nanai,,48.43,134.80,nana1257,,northeuralex,1028,860,ClicsCore,,Tungusic
nanh1240,Yi (Nanhua),,23.43,101.69,nanh1240,,suntb,1060,930,ClicsCore,Nesu,Sino-Tibetan
napo1242,Napo Lowland Quichua,,-0.072525,-76.3889,napo1242,,huntergatherer,374,282,ClicsCore,,Quechuan
narr1259,Ngarrindjeri,,-36.2301,140.158,narr1259,,bowernpny,328,321,ClicsCore,,Pama-Nyungan
natc1249,Natchez,,31.75,-91.33,natc1249,,johanssonsoundsymbolic,308,257,ClicsCore,,Natchez
naxi1245,Naxi,,27.5,100.0,naxi1245,,lamanisoic,299,282,ClicsCore,,Sino-Tibetan
ndal1241,Ndari,,-9.88948,33.6118,ndal1241,,tls,1124,635,ClicsCore,,Atlantic-Congo
ndam1239,Ndamba,,-8.40485,36.0271,ndam1239,,tls,1030,640,ClicsCore,,Atlantic-Congo
nden1248,Rufiji,,-7.54628,38.958,nden1248,,tls,1075,627,ClicsCore,,Atlantic-Congo
nede1245,Nedebang,,-8.28776,124.192,nede1245,,robinsonap,377,360,ClicsCore,,Timor-Alor-Pantar
nege1244,Negerhollands,,18.3416,-64.8922,nege1244,,idssegmented,1228,867,ClicsCore,,Indo-European
negi1245,Negidal,,52.96584,139.20575,negi1245,,oskolskayatungusic,445,252,ClicsCore,,Tungusic
nene1249,Nenets,,66.1775,71.0234,nene1249,,idssegmented,1301,1093,ClicsCore,,Uralic
nezp1238,Nez Perce,,46.3073,-116.408,nezp1238,,johanssonsoundsymbolic,343,283,ClicsCore,,Sahaptian
ngaa1240,Ngaanyatjarra,,-25.7514,127.602,ngaa1240,,bowernpny,293,288,ClicsCore,,Pama-Nyungan
ngal1291,Matu,,23.312,92.83,ngal1291,,sohartmannchin,278,275,ClicsCore,Chin,Sino-Tibetan
ngam1282,Ngamo,,12.0048,11.2108,ngam1282,,kraftchadic,426,421,ClicsCore,,Afro-Asiatic
ngan1291,Nganasan,,73.14,86.21,ngan1291,,northeuralex,1198,896,ClicsCore,,Uralic
ngar1235,Ngarinyman,,-15.4661,130.651,ngar1235,,bowernpny,300,293,ClicsCore,,Pama-Nyungan
ngar1287,Ngarluma,,-20.9235,117.203,ngar1287,,bowernpny,330,322,ClicsCore,,Pama-Nyungan
ngas1240,Angas,,9.32042,9.46146,ngas1240,,kraftchadic,423,415,ClicsCore,,Afro-Asiatic
nggw1242,Ngwaxi,,10.6058,12.9234,nggw1242,,kraftchadic,428,422,ClicsCore,,Afro-Asiatic
ngin1244,Ngindo,,-9.78145,37.9832,ngin1244,,tls,931,563,ClicsCore,,Atlantic-Congo
ngiz1242,Ngizim,,12.1051,11.0178,ngiz1242,,kraftchadic,426,399,ClicsCore,,Afro-Asiatic
ngon1269,Ngoni,,-11.7794,37.4118,ngon1269,,tls,1089,630,ClicsCore,,Atlantic-Congo
ngul1246,Nguungulu,,-5.79734,37.6823,ngul1246,,tls,1052,640,ClicsCore,,Atlantic-Congo
ngur1263,Ngoreme,,-1.8485,34.6173,ngur1263,,tls,1133,649,ClicsCore,,Atlantic-Congo
nhan1238,Nhanta,,-27.42523643,114.2680442,nhan1238,,bowernpny,277,273,ClicsCore,,Pama-Nyungan
nhen1239,Nheengatu,,1.04503,-66.9646,nhen1239,,huntergatherer,486,297,ClicsCore,,Tupian
nila1242,Nyiramba,,-4.50002,34.3068,nila1242,,tls,1117,656,ClicsCore,,Atlantic-Congo
nina1238,Ninam (Shirishana variety),,4.03894,-62.7801,nina1238,,idssegmented,999,898,ClicsCore,,Yanomamic
niva1238,Nivaclé,,-22.8557,-61.7606,niva1238,,idssegmented,1556,1180,ClicsCore,,Matacoan
noct1238,Nocte,,27.1167,95.4833,noct1238,,marrisonnaga,395,370,ClicsCore,Nocte,Sino-Tibetan
noga1249,Nogai,,43.5917,46.6618,noga1249,,idssegmented,2031,1297,ClicsCore,,Turkic
nort1545,Jinsha Dai,,26.7238,106.682,nort1545,,idssegmented,1300,1214,ClicsCore,,Hmong-Mien
nort2641,Northern Kurdish,,37.00,43.00,nort2641,,northeuralex,1113,953,ClicsCore,,Indo-European
nort2646,Northern Pashto,,32.10,67.20,nort2646,,northeuralex,1189,950,ClicsCore,,Indo-European
nort2671,Northern Saami,,68.725,22.1113,nort2671,,idssegmented,1377,1249,ClicsCore,,Uralic
nort2690,Northern Uzbek,,39.65,67.00,nort2690,,northeuralex,1026,953,ClicsCore,,Turkic
nort2697,Azerbaijani,,40.9777,46.4737,nort2697,,idssegmented,1761,1302,ClicsCore,,Turkic
nort2725,Ntenyi,,25.9833,94.0333,nort2725,,marrisonnaga,640,504,ClicsCore,Rengma,Sino-Tibetan
nort2740,Khamuang (Chiang Mai variety),,18.857495,100.20739,nort2740,,idssegmented,1318,1299,ClicsCore,,Tai-Kadai
nort2745,Northern Yukaghir,,69.00,155.00,nort2745,,northeuralex,929,812,ClicsCore,,Yukaghir
nort2747,"Qiandong, North",,26.68993,108.401145,nort2747,,chenhmongmien,932,795,ClicsCore,Hmongic,Hmong-Mien
nort2749,"Chuanqiandian, Central Guizhou",,26.231562,106.861969,nort2749,,chenhmongmien,818,717,ClicsCore,Hmongic,Hmong-Mien
nort2770,Yingilum,,9.9249,13.6567,nort2770,,kraftchadic,440,427,ClicsCore,,Atlantic-Congo
nort2938,Northern Haida,,54.004532,-132.079257,nort2938,,idssegmented,1023,714,ClicsCore,,Haida
nort2952,Maidu,,40.4102,-120.645,nort2952,,huntergatherer,541,274,ClicsCore,,Maiduan
nort2954,Northern Paiute,,40.0799,-119.536,nort2954,,huntergatherer,436,271,ClicsCore,,Uto-Aztecan
nort2972,Embera,,7.12761,-77.574,nort2972,,idssegmented,793,771,ClicsCore,,Chocoan
nort3298,Lisu,,26.75196842,98.88478072,nort3298,,yangyi,725,668,ClicsCore,Yi,Sino-Tibetan
norw1258,Norwegian (Bokmål),,59.92,10.71,norw1258,,northeuralex,1121,952,ClicsCore,,Indo-European
nucl1235,Armenian (Eastern variety),,40.0,45.0,nucl1235,,idssegmented,1864,1297,ClicsCore,,Indo-European
nucl1290,Wa,,23.1024,99.108,nucl1290,,idssegmented,1362,1266,ClicsCore,,Austroasiatic
nucl1301,Turkish,,39.87,32.87,nucl1301,,northeuralex,1249,953,ClicsCore,,Turkic
nucl1302,Georgian,,41.85,43.79,nucl1302,,northeuralex,1163,953,ClicsCore,,Kartvelian
nucl1305,Kannada,,13.59,76.12,nucl1305,,northeuralex,1020,953,ClicsCore,,Dravidian
nucl1310,WB,,20.7926,93.9665,nucl1310,,lamanisoic,300,282,ClicsCore,,Sino-Tibetan
nucl1379,Kinga,,-9.35868,34.2321,nucl1379,,tls,1063,597,ClicsCore,,Atlantic-Congo
nucl1454,Yawa,,-1.77196,136.263,nucl1454,,johanssonsoundsymbolic,333,274,ClicsCore,,Yawa
nucl1643,Japanese,,37,140,nucl1643,,wold,2131,1449,ClicsCore,,Japonic
nucl1649,Tsimshian,,52.59103,-128.544545,nucl1649,,idssegmented,806,532,ClicsCore,,Tsimshian
nucl1683,Daba,,10.3521,13.6318,nucl1683,,kraftchadic,429,424,ClicsCore,,Afro-Asiatic
nucl1695,Bole(wa),,11.4839,11.2322,nucl1695,,kraftchadic,404,400,ClicsCore,,Afro-Asiatic
nucl1696,Tangale,,9.75444,11.3228,nucl1696,,kraftchadic,414,401,ClicsCore,,Afro-Asiatic
nuji1238,Luobenzhuo,,26.4240223,98.8862088,nuji1238,,allenbai,500,498,ClicsCore,Bai,Sino-Tibetan
nuka1242,Nukak,,2.65939,-71.4629,nuka1242,,hubercolumbian,327,307,ClicsCore,,Kakua-Nukak
numa1251,Numao,,25.447767,108.064732,numa1251,,chenhmongmien,863,772,ClicsCore,Hmongic,Hmong-Mien
nung1283,Nung-Ninbei,,20.8965,104.286,nung1283,,idssegmented,1284,1152,ClicsCore,,Tai-Kadai
nung1290,Nunggubuyu,,-14.2623,135.753,nung1290,,johanssonsoundsymbolic,302,251,ClicsCore,,Gunwinyguan
nunu1247,Nunu,,24.232341,107.194266,nunu1247,,chenhmongmien,888,778,ClicsCore,Hmongic,Hmong-Mien
nupo1240,Witoto Ni̵pode,,-2.34495,-70.9559,nupo1240,,hubercolumbian,438,344,ClicsCore,,Huitotoan
nusu1239,Nusu,,26.7292,98.8801,nusu1239,,lamanisoic,292,275,ClicsCore,,Sino-Tibetan
nyah1250,Nyakur,,15.8909,101.515,nyah1250,,idssegmented,1172,1089,ClicsCore,,Austroasiatic
nyam1271,Nyamal,,-21.6092,119.693,nyam1271,,bowernpny,306,303,ClicsCore,,Pama-Nyungan
nyam1275,Namwanga,,-9.11261,32.3163,nyam1275,,tls,1133,657,ClicsCore,,Atlantic-Congo
nyam1276,Nyamwezi,,-5.08559,32.94452,nyam1276,,tls,1268,649,ClicsCore,,Atlantic-Congo
nyam1277,Runyambo,,-1.6096,30.9156,nyam1277,,tls,1047,644,ClicsCore,,Atlantic-Congo
nyan1301,Nyangumarta,,-20.6271,121.391,nyan1301,,bowernpny,317,310,ClicsCore,,Pama-Nyungan
nyan1307,Runyankore,,-0.46364,30.548,nyan1307,,tls,1170,616,ClicsCore,,Atlantic-Congo
nyat1246,Nyaturuwil,,-5.12263,34.6657,nyat1246,,tls,1070,653,ClicsCore,,Atlantic-Congo
nyih1240,Nyiha,,-9.4472,32.9057,nyih1240,,tls,1031,645,ClicsCore,,Atlantic-Congo
nyor1246,Runyoro,,0.95294,31.3493,nyor1246,,tls,1025,637,ClicsCore,,Atlantic-Congo
nyun1247,Nyungar,,-33.1199,118.151,nyun1247,,bowernpny,325,320,ClicsCore,,Pama-Nyungan
nzan1240,Njanye,,10.0666,13.3343,nzan1240,,kraftchadic,420,414,ClicsCore,,Afro-Asiatic
ocai1244,Ocaina,,-2.159,-72.1422,ocai1244,,hubercolumbian,488,311,ClicsCore,,Huitotoan
oduu1239,Iduh,,19.3497,104.106,oduu1239,,idssegmented,1013,971,ClicsCore,,Austroasiatic
olda1245,Ancient Aramaic,,32.84,37.0,olda1245,,idssegmented,1925,1191,ClicsCore,,Afro-Asiatic
oldb1235,Burmese (Written),,21.624974,97.126742,oldb1235,,marrisonnaga,989,809,ClicsCore,Burmese,Sino-Tibetan
olde1238,Old English,,51.06,-1.31,olde1238,,idssegmented,2490,1230,ClicsCore,,Indo-European
oldh1241,Old High German,,52.0,10.0,oldh1241,,idssegmented,4945,1205,ClicsCore,,Indo-European
oldi1245,Old Irish,,53.0,-8.0,oldi1245,,idssegmented,1353,859,ClicsCore,,Indo-European
oldn1244,Old Norse,,63.42,10.38,oldn1244,,idssegmented,1442,897,ClicsCore,,Indo-European
omag1248,Omagua,,-3.53,-69.17,omag1248,,tuled,374,353,ClicsCore,Omagua-Kokama,Tupian
onaa1245,Selknam,,-54.0,-68.5,onaa1245,,idssegmented,864,763,ClicsCore,,Chonan
onei1249,Oneida,,43.438742,-75.708106,onei1249,,johanssonsoundsymbolic,311,252,ClicsCore,,Iroquoian
orej1242,Orejón,,-2.86315,-72.4926,orej1242,,hubercolumbian,290,259,ClicsCore,,Tucanoan
oroc1248,Oroch,,50.32354,137.85131,oroc1248,,oskolskayatungusic,285,253,ClicsCore,,Tungusic
orok1265,Orok,,49.36393,143.12819,orok1265,,oskolskayatungusic,332,254,ClicsCore,,Tungusic
oroq1238,Oroqen,,51.2829,126.111,oroq1238,,wold,1205,1087,ClicsCore,,Tungusic
osse1243,Ossetian,,43.18,44.23,osse1243,,northeuralex,1247,949,ClicsCore,,Indo-European
paez1247,Páez,,2.61516,-76.31254,paez1247,,idssegmented,1205,1123,ClicsCore,,Páez
pahn1237,"Baheng, West",,25.74971,109.286281,pahn1237,,chenhmongmien,892,792,ClicsCore,Hmongic,Hmong-Mien
pana1305,Tümpisa Shoshone,,36.0007,-117.901,pana1305,,huntergatherer,461,278,ClicsCore,,Uto-Aztecan
pana1310,Bana,,26.265147,110.096902,pana1310,,chenhmongmien,896,794,ClicsCore,Hmongic,Hmong-Mien
pang1287,Pangwa,,-9.96782,34.8039,pang1287,,tls,1013,598,ClicsCore,,Atlantic-Congo
pano1254,Catuquina,,-7.97456,-71.56151,pano1254,,idssegmented,1124,1053,ClicsCore,,Pano-Tacanan
pany1241,Panyjima,,-22.7816,118.723,pany1241,,bowernpny,280,275,ClicsCore,,Pama-Nyungan
para1311,Guaraní,,-25.60551,-57.08816,para1311,,idssegmented,1929,1288,ClicsCore,,Tupian
para1312,Parakana,,-4.64681,-50.0621,para1312,,tuled,390,355,ClicsCore,Tupi-Guarani,Tupian
pare1272,Paresi ,,-14.5929,-57.4059,pare1272,,huntergatherer,418,283,ClicsCore,,Arawakan
paus1244,Warazu,,-12.8553,-63.1903,paus1244,,tuled,380,359,ClicsCore,Tupi-Guarani,Tupian
pawn1254,Pawnee,,36.2862,-96.8937,pawn1254,,johanssonsoundsymbolic,309,262,ClicsCore,,Caddoan
pear1247,Pear,,13.593,105.028,pear1247,,idssegmented,1212,1134,ClicsCore,,Austroasiatic
pemo1248,Pemon,,4.97031,-61.4033,pemo1248,,huntergatherer,825,301,ClicsCore,,Cariban
pero1241,Pero,,9.62092,11.044,pero1241,,kraftchadic,406,386,ClicsCore,,Afro-Asiatic
peve1243,Lame (Peve),,9.16111,14.441,peve1243,,kraftchadic,433,426,ClicsCore,,Afro-Asiatic
phai1238,Prai,,19.0383,101.218,phai1238,,idssegmented,2198,1120,ClicsCore,,Austroasiatic
phol1235,Polo,,23.667,104.238,phol1235,,lamanisoic,296,278,ClicsCore,,Sino-Tibetan
phol1237,Up: Phola,,23.456381,102.286862,phol1237,,yangyi,698,632,ClicsCore,Yi,Sino-Tibetan
phom1236,Phom,,26.6167,94.05,phom1236,,marrisonnaga,683,578,ClicsCore,Konyak,Sino-Tibetan
phon1246,Phong,,19.9622,104.088,phon1246,,idssegmented,1183,1146,ClicsCore,,Austroasiatic
phuz1235,Phuza,,23.253698,103.332621,phuz1235,,yangyi,705,638,ClicsCore,Yi,Sino-Tibetan
piap1246,Piapoco,,4.37718,-68.5953,piap1246,,hubercolumbian,447,318,ClicsCore,,Arawakan
piar1243,Piaroa,,4.41805,-67.7574,piar1243,,huntergatherer,384,298,ClicsCore,,Saliban
pila1245,Pilagá,,-25.0058,-60.1537,pila1245,,idssegmented,1209,1122,ClicsCore,,Guaicuruan
pimb1238,Pimbwe,,-6.81358,31.4289,pimb1238,,tls,943,601,ClicsCore,,Atlantic-Congo
pint1250,Pintupi-Luritja,,-23.2963,130.643,pint1250,,bowernpny,267,262,ClicsCore,,Pama-Nyungan
pira1254,Piratapuyo,,0.50714,-69.5032,pira1254,,hubercolumbian,392,341,ClicsCore,,Tucanoan
plat1254,Malagasy,,-20,47,plat1254,,wold,1680,1382,ClicsCore,,Austronesian
play1240,Playero,,6.90948,-71.0036,play1240,,hubercolumbian,411,328,ClicsCore,,Guahiboan
pogo1243,Pogoro,,-8.72283,36.4148,pogo1243,,tls,1029,606,ClicsCore,,Atlantic-Congo
polc1243,Polci,,10.0258,9.53362,polc1243,,idssegmented,1161,1095,ClicsCore,,Afro-Asiatic
poli1260,Polish,,51.8439,18.6255,poli1260,,idssegmented,2040,1307,ClicsCore,,Indo-European
port1283,Portuguese,,39.91,-8.1,port1283,,idssegmented,1683,1308,ClicsCore,,Indo-European
prus1238,Old Prussian,,52.394,14.757,prus1238,,idssegmented,591,563,ClicsCore,,Indo-European
psik1239,Higi Kamale,,10.677,13.569,psik1239,,kraftchadic,443,425,ClicsCore,,Afro-Asiatic
puel1244,Gününa Küne,,-42.223,-68.666,puel1244,,idssegmented,758,734,ClicsCore,,Puelche
puin1248,Puinave,,3.92974,-67.6886,puin1248,,idssegmented,1136,1030,ClicsCore,,Puinave
pume1238,Yaruro,,7.10677,-67.5996,pume1238,,idssegmented,1139,1106,ClicsCore,,Pumé
puru1264,Purubora,,-11.4226,-62.4358,puru1264,,tuled,313,256,ClicsCore,Ramarana-Purubora,Tupian
puta1243,West Margi,,10.83854,12.99521,puta1243,,kraftchadic,697,428,ClicsCore,,Afro-Asiatic
qaua1234,Qau Kelao,,26.155438,106.16455,qaua1234,,idssegmented,1121,1083,ClicsCore,,Tai-Kadai
qawa1238,Qawasqar,,-49.303195,-74.707536,qawa1238,,idssegmented,634,630,ClicsCore,,Kawesqar
qili1234,Qiliqiao,,25.6553283,100.1709288,qili1234,,allenbai,507,499,ClicsCore,Bai,Sino-Tibetan
quil1240,Quileute,,47.9106,-124.603,quil1240,,johanssonsoundsymbolic,318,260,ClicsCore,,Chimakuan
rahu1234,Rahung,,27.310778,92.395028,rahu1234,,bodtkhobwa,571,469,ClicsCore,Western Kho-Bwa,Sino-Tibetan
rapa1244,Rapa Nui,,-27.113,-109.342,rapa1244,,idssegmented,1319,1073,ClicsCore,,Austronesian
resi1247,Resígaro,,-2.48139,-71.3578,resi1247,,hubercolumbian,351,327,ClicsCore,,Arawakan
rita1239,Ritharrngu,,-13.4559,135.259,rita1239,,bowernpny,285,279,ClicsCore,,Pama-Nyungan
roma1327,Romanian,,46,25,roma1327,,wold,2270,1452,ClicsCore,,Indo-European
rong1266,Nruanghmei,,25.0,93.05,rong1266,,marrisonnaga,814,708,ClicsCore,Zemeic,Sino-Tibetan
roto1249,Rotokas,,-5.94339,155.154,roto1249,,johanssonsoundsymbolic,327,267,ClicsCore,,North Bougainville
rotu1241,Rotuman,,-12.5008,177.066,rotu1241,,idssegmented,1352,1193,ClicsCore,,Austronesian
ruma1248,Rumai,,23.6404,97.3172,ruma1248,,idssegmented,1028,959,ClicsCore,,Austroasiatic
rumu1243,Rumu,,-7.17149,144.179,rumu1243,,johanssonsoundsymbolic,291,255,ClicsCore,,Turama-Kikori
rund1242,Rundi,,-2.94,29.97,rund1242,,tls,851,549,ClicsCore,,Atlantic-Congo
rung1255,Lungwa,,-7.24959,31.7614,rung1255,,tls,1416,650,ClicsCore,,Atlantic-Congo
rupa1234,Rupa,,27.203065,92.398757,rupa1234,,bodtkhobwa,619,480,ClicsCore,Western Kho-Bwa,Sino-Tibetan
russ1263,Russian,,59.0,50.0,russ1263,,idssegmented,1698,1303,ClicsCore,,Indo-European
rutu1240,Rutul,,41.6187,47.3244,rutu1240,,idssegmented,1535,1291,ClicsCore,,Nakh-Daghestanian
saam1283,Samialugwe,,0.3652,34.0335,saam1283,,tls,1297,653,ClicsCore,,Atlantic-Congo
safw1238,Safwa,,-8.54936,33.4766,safw1238,,tls,991,628,ClicsCore,,Atlantic-Congo
sahu1245,Sahu,,1.00742,127.493,sahu1245,,johanssonsoundsymbolic,289,264,ClicsCore,,North Halmahera
saki1248,Mekens,,-13.054,-62.0927,saki1248,,tuled,419,361,ClicsCore,Tuparí,Tupian
sala1273,Monde,,-12.0499,-61.25,sala1273,,tuled,276,250,ClicsCore,Mondé,Tupian
sali1253,Salinan A,,37.6646,-121.718,sali1253,,huntergatherer,638,256,ClicsCore,,Salinan
sali1298,Sáliba,,5.30115,-69.3843,sali1298,,hubercolumbian,359,289,ClicsCore,,Jodi-Saliban
sama1295,Samu,,25.012,102.2,sama1295,,lamanisoic,288,272,ClicsCore,,Sino-Tibetan
sana1281,Sanapaná (Angaité),,-22.11454,-58.90698,sana1281,,johanssonsoundsymbolic,314,258,ClicsCore,,Lengua-Mascoy
sana1298,Sanapaná (Enlhet dialect),,-22.49,-58.38,sana1298,,idssegmented,1767,1178,ClicsCore,,Lengua-Mascoy
sang1320,S.kong,,21.64,100.77,sang1320,,lamanisoic,289,275,ClicsCore,,Sino-Tibetan
sang1321,Sangtam,,25.0667,94.8667,sang1321,,marrisonnaga,860,726,ClicsCore,Sangtam,Sino-Tibetan
sang1330,Sangu,,-8.4,33.9,sang1330,,tls,1075,643,ClicsCore,,Atlantic-Congo
sani1265,Sanni (Sanie),,25.04887917,102.6362707,sani1265,,yangyi,699,645,ClicsCore,Yi,Sino-Tibetan
sani1269,Sani,,24.77179693,103.290785,sani1269,,yangyi,699,645,ClicsCore,Yi,Sino-Tibetan
sanm1287,Huave,,16.2129,-95.0077,sanm1287,,johanssonsoundsymbolic,323,264,ClicsCore,,Huavean
sans1269,Sanskrit,,20.0,77.0,sans1269,,idssegmented,2684,1231,ClicsCore,,Indo-European
sara1340,Saramaccan,,4.5,-55.5,sara1340,,wold,1303,1182,ClicsCore,,Indo-European
sate1243,Mawe,,-3.63897,-56.8749,sate1243,,tuled,424,382,ClicsCore,Mawé,Tupian
sawi1256,Sawila,,-8.29105,125.078,sawi1256,,robinsonap,349,302,ClicsCore,,Timor-Alor-Pantar
saya1246,Seya,,9.69441,9.71748,saya1246,,kraftchadic,409,397,ClicsCore,,Afro-Asiatic
seco1241,Secoya,,-0.459785,-75.5547,seco1241,,hubercolumbian,370,322,ClicsCore,,Tucanoan
selk1253,Selkup,,59.9409,82.3004,selk1253,,idssegmented,1226,1006,ClicsCore,,Uralic
seri1257,Seri,,28.9877,-112.384,seri1257,,idssegmented,1290,1045,ClicsCore,,Seri
serr1255,Serrano,,33.9479,-116.772,serr1255,,huntergatherer,444,263,ClicsCore,,Uto-Aztecan
sese1246,Seychelles Creole,,-4.75,55.5,sese1246,,wold,2089,1410,ClicsCore,,Indo-European
sham1280,Sambaa,,-4.8,38.29,sham1280,,tls,1103,650,ClicsCore,,Atlantic-Congo
shan1274,rGyalrong (Jinchuan Erkai),,31.464691,101.341027,shan1274,,naganorgyalrongic,925,727,ClicsCore,Rgyalrong,Sino-Tibetan
shan1277,Shan (Northern Shan dialect),,21.5995,98.0342,shan1277,,idssegmented,1894,1306,ClicsCore,,Tai-Kadai
shee1238,She,,26.264261,110.096988,shee1238,,chenhmongmien,900,794,ClicsCore,Hmongic,Hmong-Mien
ship1254,Shipibo-Conibo,,-7.17105,-74.8219,ship1254,,idssegmented,1334,917,ClicsCore,,Pano-Tacanan
shos1248,Big Smokey Valley Shoshone,,41.0,-116.0,shos1248,,huntergatherer,548,255,ClicsCore,,Uto-Aztecan
shub1238,Shubi,,-2.97663,31.0681,shub1238,,tls,1143,661,ClicsCore,,Atlantic-Congo
sich1238,Nuosu,,28.1947,102.121,sich1238,,lamanisoic,301,283,ClicsCore,,Sino-Tibetan
sino1246,Tangkhul,,25.1167,94.3667,sino1246,,marrisonnaga,950,793,ClicsCore,Tangkhulic,Sino-Tibetan
sion1247,Siona,,0.31733,-76.0237,sion1247,,idssegmented,1142,755,ClicsCore,,Tucanoan
siri1273,Sirionó,,-15.5298,-63.9688,siri1273,,idssegmented,1159,706,ClicsCore,,Tupian
siri1274,Siriano,,0.436515,-70.184,siri1274,,hubercolumbian,385,339,ClicsCore,,Tucanoan
situ1238,rGyalrong (Ganzi Danba Badi Munashan),,31.060903,101.855001,situ1238,,naganorgyalrongic,716,618,ClicsCore,Rgyalrong,Sino-Tibetan
skol1241,Skolt Sami,,68.83,29.72,skol1241,,northeuralex,1205,939,ClicsCore,,Uralic
slov1268,Slovene,,46.25,14.78,slov1268,,northeuralex,1107,952,ClicsCore,,Indo-European
slov1269,Slovak,,48.55,18.78,slov1269,,northeuralex,1210,953,ClicsCore,,Indo-European
soga1242,Lusoga,,0.40456,33.3942,soga1242,,tls,1214,656,ClicsCore,,Atlantic-Congo
solo1263,Solon,,48.166,119.4873,solo1263,,oskolskayatungusic,284,254,ClicsCore,,Tungusic
somr1240,Samre,,12.243,103.139,somr1240,,idssegmented,1244,1176,ClicsCore,,Austroasiatic
sout1528,Serbo-Croatian,,44.15,18.81,sout1528,,idssegmented,2123,1298,ClicsCore,,Indo-European
sout2674,Southern Sami,,64.25,12.60,sout2674,,northeuralex,1162,944,ClicsCore,,Uralic
sout2722,S. Muji,,22.895906,103.222074,sout2722,,yangyi,710,642,ClicsCore,Yi,Sino-Tibetan
sout2723,Yi (Mojiang),,24.41,103.43,sout2723,,suntb,1021,924,ClicsCore,Nesu,Sino-Tibetan
sout2732,Rengma,,25.0667,94.6333,sout2732,,marrisonnaga,807,679,ClicsCore,Rengma,Sino-Tibetan
sout2741,Southern Kam,,25.8874,109.222,sout2741,,idssegmented,1401,1257,ClicsCore,,Tai-Kadai
sout2746,Thai (Korat variety),,6.85668,99.7031,sout2746,,idssegmented,1372,1286,ClicsCore,,Tai-Kadai
sout2750,Southern Yukaghir,,65.75,150.83,sout2750,,northeuralex,913,665,ClicsCore,,Yukaghir
sout2754,"Qiandong, South",,25.520166,108.779365,sout2754,,chenhmongmien,902,791,ClicsCore,Hmongic,Hmong-Mien
sout2866,Marquesan,,-9.75663,-138.979,sout2866,,idssegmented,1248,664,ClicsCore,,Austronesian
sout2941,"Awyu, South (Syiagha Dialect)",,-7.36301,139.538,sout2941,,transnewguineaorg,501,251,ClicsCore,,Nuclear Trans New Guinea
sout2990,Southern Pastaza Quechua,,-3.32733,-76.527,sout2990,,huntergatherer,307,254,ClicsCore,,Quechuan
sout3210,Mangdi,,23.5,99.33,sout3210,,yanglalo,1012,850,ClicsCore,Lalo,Sino-Tibetan
stan1288,Spanish,,40.4414,-1.11788,stan1288,,idssegmented,1770,1308,ClicsCore,,Indo-European
stan1289,Catalan,,41.453,1.569,stan1289,,idssegmented,1543,1307,ClicsCore,,Indo-European
stan1290,French,,48.0,2.0,stan1290,,idssegmented,1644,1308,ClicsCore,,Indo-European
stan1293,English,,52,0,stan1293,,wold,1516,1411,ClicsCore,,Indo-European
stan1295,German,,48.649,12.4676,stan1295,,idssegmented,1898,1307,ClicsCore,,Indo-European
stan1318,Standard Arabic,,27.96,43.85,stan1318,,northeuralex,1142,953,ClicsCore,,Afro-Asiatic
suba1238,Suba,,-0.95719,34.1033,suba1238,,tls,1156,643,ClicsCore,,Atlantic-Congo
suii1243,Sui,,24.0488,106.563,suii1243,,idssegmented,1521,1169,ClicsCore,,Tai-Kadai
suku1261,Sukuma,,-3.16082,32.8765,suku1261,,tls,1019,606,ClicsCore,,Atlantic-Congo
sumb1240,Sumbwa,,-3.47335,31.9457,sumb1240,,tls,930,597,ClicsCore,,Atlantic-Congo
sumi1235,Sema,,25.85,94.2667,sumi1235,,marrisonnaga,925,783,ClicsCore,Angami,Sino-Tibetan
sumt1234,Daitu Nyaung Chaung Ywa,,19.67484093,94.01331329,sumt1234,,chindialectsurvey,464,447,ClicsCore,Dalet,Sino-Tibetan
suoy1242,Kasong,,11.936,104.136,suoy1242,,idssegmented,1120,1090,ClicsCore,,Austroasiatic
suru1261,Surui-Aikewara,,-5.93,-48.59,suru1261,,tuled,381,354,ClicsCore,Tupi-Guarani,Tupian
suru1262,Surui-Paiter,,-11.0989,-61.2818,suru1262,,tuled,443,368,ClicsCore,Mondé,Tupian
swah1253,Swahili,,-6.5,39,swah1253,,wold,1830,1397,ClicsCore,,Atlantic-Congo
swed1254,Swedish,,59.800634,17.389526,swed1254,,idssegmented,2101,1306,ClicsCore,,Indo-European
taba1259,Tabasaran (Northern dialect Khanag subdialect),,42.0198,47.8379,taba1259,,idssegmented,1696,1297,ClicsCore,,Nakh-Daghestanian
taca1256,Tacana,,-13.39249,-68.04056,taca1256,,idssegmented,1190,902,ClicsCore,,Pano-Tacanan
tain1252,Dehong,,21.7837,99.722,tain1252,,idssegmented,1550,1286,ClicsCore,,Tai-Kadai
tait1250,Dawida,,-3.79347,38.57254,tait1250,,tls,1034,646,ClicsCore,,Atlantic-Congo
taki1248,Takia,,-4.66667,146,taki1248,,wold,1329,1286,ClicsCore,,Austronesian
talu1238,Taliu,,26.55219217,100.8467043,talu1238,,yangyi,699,645,ClicsCore,Yi,Sino-Tibetan
tami1289,Tamil,,10.520219,78.825989,tami1289,,idssegmented,1248,1245,ClicsCore,,Dravidian
tang1372,Toloza,,26.62042438,100.0342986,tang1372,,yangyi,699,645,ClicsCore,Yi,Sino-Tibetan
tani1257,Tanimuca,,-0.59023,-70.3853,tani1257,,hubercolumbian,397,339,ClicsCore,,Tucanoan
tapi1253,Tapiete,,-21.4169,-62.684,tapi1253,,tuled,358,334,ClicsCore,Tupi-Guarani,Tupian
tapi1254,Tapirapé,,-10.5373,-50.5438,tapi1254,,tuled,305,292,ClicsCore,Tupi-Guarani,Tupian
tari1256,Tariana,,0.440205,-68.9042,tari1256,,huntergatherer,451,265,ClicsCore,,Arawakan
tari1263,Tarifiyt Berber,,34.5,-4,tari1263,,wold,1688,1303,ClicsCore,,Afro-Asiatic
taro1264,Seediq,,23.9032,121.358,taro1264,,johanssonsoundsymbolic,340,280,ClicsCore,,Austronesian
tata1255,Tatar,,55.00,50.00,tata1255,,northeuralex,1149,953,ClicsCore,,Turkic
tatu1247,Tatuyo,,0.55582,-70.5327,tatu1247,,hubercolumbian,372,330,ClicsCore,,Tucanoan
tehu1242,Tehuelche,,-47.5796,-68.3235,tehu1242,,idssegmented,862,668,ClicsCore,,Chonan
teiw1235,Teiwa,,-8.37662,124.174,teiw1235,,robinsonap,387,371,ClicsCore,,Timor-Alor-Pantar
telu1262,Telugu,,16.4529,78.7024,telu1262,,idssegmented,4034,1217,ClicsCore,,Dravidian
temb1276,Tembe,,-2.6123,-48.2359,temb1276,,tuled,455,401,ClicsCore,Tupi-Guarani,Tupian
temi1247,Sonjo,,-2.19303,35.8035,temi1247,,tls,1088,663,ClicsCore,,Atlantic-Congo
tenh1241,Parintintin,,-7.92626,-61.936,tenh1241,,tuled,464,409,ClicsCore,Tupi-Guarani,Tupian
tera1251,Piðimdi,,11.0376,11.80953,tera1251,,kraftchadic,427,422,ClicsCore,,Afro-Asiatic
tere1278,Terei,,-6.70051,155.745,tere1278,,johanssonsoundsymbolic,307,261,ClicsCore,,South Bougainville
thaa1239,Tha,,9.21,11.18,thaa1239,,othanieljen,299,284,ClicsCore,,Atlantic-Congo
thai1261,Thai,,16,101,thai1261,,wold,2107,1411,ClicsCore,,Tai-Kadai
than1255,Khoirao,,25.2167,94.0333,than1255,,marrisonnaga,409,355,ClicsCore,Zemeic,Sino-Tibetan
thar1283,Tharaka,,-0.13221,38.073,thar1283,,tls,979,631,ClicsCore,,Atlantic-Congo
tibe1272,Tibetan,,28.3681,90.1872,tibe1272,,idssegmented,1294,1105,ClicsCore,,Sino-Tibetan
tind1238,Tindi,,42.3316,45.9227,tind1238,,idssegmented,1584,1283,ClicsCore,,Nakh-Daghestanian
tiwi1244,Tiwi,,-11.6308,130.949,tiwi1244,,johanssonsoundsymbolic,321,265,ClicsCore,,Tiwi
tlin1245,Tlingit,,59.4447,-135.29,tlin1245,,idssegmented,1333,756,ClicsCore,,Athabaskan-Eyak-Tlingit
toar1246,Toaripi,,-8.07231,146.206,toar1246,,johanssonsoundsymbolic,321,266,ClicsCore,,Nuclear Eleman
toba1269,Toba,,-23.77,-61.96,toba1269,,idssegmented,1359,1143,ClicsCore,,Guaicuruan
toca1235,Asuriní Tocantins,,-3.59359,-49.8991,toca1235,,tuled,394,357,ClicsCore,Tupi-Guarani,Tupian
tokh1243,Tocharian B,,41.65,82.9,tokh1243,,idssegmented,902,767,ClicsCore,,Indo-European
toki1238,Karata (Tokitin dialect),,42.5727,46.3724,toki1238,,idssegmented,1528,1291,ClicsCore,,Nakh-Daghestanian
tong1325,Tongan,,-21.17,-175.25,tong1325,,idssegmented,1742,1117,ClicsCore,,Austronesian
toor1238,Rutooro,,0.57291,30.6389,toor1238,,tls,1149,656,ClicsCore,,Atlantic-Congo
tosk1239,Albanian (Tosk variety),,41.0,20.0,tosk1239,,idssegmented,1977,1254,ClicsCore,,Indo-European
toto1306,Totoró,,2.55149,-76.6379,toto1306,,hubercolumbian,298,273,ClicsCore,,Barbacoan
trin1274,Trinitario,,-15.3331,-65.4096,trin1274,,idssegmented,907,733,ClicsCore,,Arawakan
trum1247,Trumai,,-11.8119,-53.5717,trum1247,,idssegmented,682,562,ClicsCore,,Trumai
tsak1249,Tsakhur,,41.5916,46.8858,tsak1249,,idssegmented,1440,1282,ClicsCore,,Nakh-Daghestanian
tsha1245,Monpa Dirang,,27.34959,92.27914,tsha1245,,abrahammonpa,319,301,ClicsCore,Tshanglic,Sino-Tibetan
tsho1240,rGyalrong (Maerkang Caodeng (B)),,32.209102,101.832718,tsho1240,,naganorgyalrongic,1220,884,ClicsCore,Rgyalrong,Sino-Tibetan
tswa1253,Tswana S.30,,-24.368,24.7587,tswa1253,,bantubvd,419,392,ClicsCore,,Atlantic-Congo
tuam1242,Tuamotuan,,-16.17259,-146.321755,tuam1242,,idssegmented,1373,612,ClicsCore,,Austronesian
tuba1278,Tübatulabal,,35.327,-117.163,tuba1278,,huntergatherer,437,258,ClicsCore,,Uto-Aztecan
tuca1252,Tucano,,0.579755,-69.5763,tuca1252,,hubercolumbian,388,337,ClicsCore,,Tucanoan
tuled-LGAXVIII,LGA XVIII,,-1.466667,-48.483333,,,tuled,371,328,ClicsCore,Tupi-Guarani,
tuled-OldGuarani,Old Guaraní,,-26.25,-54.29,,,tuled,396,362,ClicsCore,Tupi-Guarani,
tuled-Tenharim,Tenharim,,-8.32882,-61.8972,,,tuled,353,325,ClicsCore,Tupi-Guarani,
tuni1252,Tunica,,30.9888,-92.5403,tuni1252,,johanssonsoundsymbolic,313,255,ClicsCore,,Tunica
tuol1234,Tuoluo,,23.3833337,102.1839821,tuol1234,,wangbai,449,404,ClicsCore,Bai,Sino-Tibetan
tupa1250,Tupari,,-11.8884,-62.2544,tupa1250,,tuled,469,420,ClicsCore,Tuparí,Tupian
tupi1273,Tupinambá,,-8.1055,-34.887,tupi1273,,tuled,508,422,ClicsCore,Tupi-Guarani,Tupian
tuyu1244,Tuyuca,,0.39441,-70.043515,tuyu1244,,idssegmented,1075,1031,ClicsCore,,Tucanoan
tzot1259,Zinacantán Tzotzil,,16.8333,-92.8333,tzot1259,,wold,1413,1066,ClicsCore,,Mayan
uare1241,Uare,,-9.69571,147.687,uare1241,,transnewguineaorg,421,264,ClicsCore,,Kwalean
udih1248,Udihe,,46.63086,135.67762,udih1248,,oskolskayatungusic,291,254,ClicsCore,,Tungusic
udii1243,Udi,,40.9,47.7236,udii1243,,idssegmented,1342,1224,ClicsCore,,Nakh-Daghestanian
udmu1245,Udmurt,,56.12921,52.63548,udmu1245,,idssegmented,1519,1290,ClicsCore,,Uralic
ukra1253,Ukrainian,,50.25,28.65,ukra1253,,northeuralex,1082,953,ClicsCore,,Indo-European
ulch1241,Ulch,,51.85209,140.29045,ulch1241,,oskolskayatungusic,360,254,ClicsCore,,Tungusic
uppe1439,Upper Chehalis,,46.7981,-123.169,uppe1439,,idssegmented,346,304,ClicsCore,,Salishan
urar1246,Urarina,,-4.44006,-75.4211,urar1246,,huntergatherer,319,260,ClicsCore,,Urarina
urub1250,Ka'apor,,-2.46455,-46.2204,urub1250,,tuled,446,407,ClicsCore,Tupi-Guarani,Tupian
utsa1239,Tibetan_Lhasa,,29.653441,91.171493,utsa1239,,sagartst,292,250,ClicsCore,Tibetan,Sino-Tibetan
veps1250,Veps,,60.34,34.79,veps1250,,northeuralex,1138,953,ClicsCore,,Uralic
viet1252,Vietnamese,,10.5,106.5,viet1252,,wold,1534,1452,ClicsCore,,Austroasiatic
vinz1238,Kivinza,,-4.99312,30.5699,vinz1238,,tls,1143,649,ClicsCore,,Atlantic-Congo
vlax1238,Romani,,46.09,18.16,vlax1238,,idssegmented,1720,1262,ClicsCore,,Indo-European
vunj1238,Vunjo,,-3.42531,37.5847,vunj1238,,tls,1158,642,ClicsCore,,Atlantic-Congo
vwan1235,Wanji,,-9.00683,34.0757,vwan1235,,tls,945,618,ClicsCore,,Atlantic-Congo
waga1260,Wakaya,,-20.329,137.623,waga1260,,bowernpny,298,291,ClicsCore,,Pama-Nyungan
wagi1249,Wagi,,-5.17834,145.726,wagi1249,,transnewguineaorg,402,282,ClicsCore,,Nuclear Trans New Guinea
waim1255,Waimaja,,0.30416,-70.1644,waim1255,,hubercolumbian,542,344,ClicsCore,,Tucanoan
waiw1244,Wai Wai,,1.50881,-59.1417,waiw1244,,idssegmented,1014,969,ClicsCore,,Cariban
waja1257,Wajarri,,-28.1761,117.153,waja1257,,bowernpny,283,280,ClicsCore,,Pama-Nyungan
wamb1259,Wambon,,-5.44334,140.48,wamb1259,,transnewguineaorg,564,295,ClicsCore,,Nuclear Trans New Guinea
wanc1238,Wancho,,26.9667,95.8167,wanc1238,,marrisonnaga,467,405,ClicsCore,Konyak,Sino-Tibetan
wand1264,Wanda,,-8.34522,32.4375,wand1264,,tls,1149,654,ClicsCore,,Atlantic-Congo
wand1278,Mandara,,11.3169,13.8996,wand1278,,kraftchadic,433,427,ClicsCore,,Afro-Asiatic
wang1291,Ngiyambaa,,-30.6481,146.18,wang1291,,bowernpny,283,278,ClicsCore,,Pama-Nyungan
wangbai-Dashi,Dashi,,26.3530106,100.1930442,,,wangbai,425,388,ClicsCore,Bai,Sino-Tibetan
wangbai-Gongxing,Gongxing,,27.0852794,99.1652452,,,wangbai,442,393,ClicsCore,Bai,Sino-Tibetan
wangbai-Jinxing,Jinxing,,24.9259218,103.1237482,,,wangbai,439,394,ClicsCore,Bai,Sino-Tibetan
wangbai-Mazhelong,Mazhelong,,24.1677209,104.1950232,,,wangbai,448,398,ClicsCore,Bai,Sino-Tibetan
wanm1242,Warnman,,-22.7078,122.325,wanm1242,,bowernpny,302,297,ClicsCore,,Pama-Nyungan
waor1240,Waorani,,-1.12312,-76.683,waor1240,,idssegmented,1230,1196,ClicsCore,,Waorani
wapi1253,Wapishana,,2.58744,-59.8021,wapi1253,,idssegmented,1152,1095,ClicsCore,,Arawakan
wapp1239,Wappo,,38.25,-122.5,wapp1239,,huntergatherer,558,276,ClicsCore,,Yuki-Wappo
wara1303,Warao,,7.50851,-59.3528,wara1303,,johanssonsoundsymbolic,316,257,ClicsCore,,Warao
wari1262,Warriyangga,,-24.353,116.927,wari1262,,bowernpny,273,271,ClicsCore,,Pama-Nyungan
warl1254,Warlpiri,,-20.1008,131.05,warl1254,,bowernpny,319,312,ClicsCore,,Pama-Nyungan
warl1256,Warluwarra,,-22.2909,138.738,warl1256,,bowernpny,260,254,ClicsCore,,Pama-Nyungan
waru1265,Warumungu,,-20.6479,134.375,waru1265,,bowernpny,307,299,ClicsCore,,Pama-Nyungan
waur1244,Waurá,,-13.296,-53.6971,waur1244,,idssegmented,1242,1009,ClicsCore,,Arawakan
waya1269,Wayana,,2.77537,-54.4429,waya1269,,huntergatherer,368,278,ClicsCore,,Cariban
waya1270,Wayampi,,1.73817,-52.6887,waya1270,,idssegmented,1260,1101,ClicsCore,,Tupian
wayo1238,Wayoro,,-12.6945,-61.3064,wayo1238,,tuled,374,340,ClicsCore,Tuparí,Tupian
wayu1243,Goajiro,,11.395566,-72.199791,wayu1243,,idssegmented,978,902,ClicsCore,,Arawakan
wein1239,Nersu,,27.141233,104.020331,wein1239,,yangyi,699,645,ClicsCore,Yi,Sino-Tibetan
wela1234,Rawngtu Weilong,,21.366667,93.983333,wela1234,,chindialectsurvey,492,448,ClicsCore,,Sino-Tibetan
wels1247,Welsh,,52.0,-4.0,wels1247,,idssegmented,2122,1306,ClicsCore,,Indo-European
wers1238,Wersing,,-8.33936,124.932,wers1238,,robinsonap,396,379,ClicsCore,,Timor-Alor-Pantar
west1506,Shuizhuping,,24.73,98.9,west1506,,yanglalo,1095,858,ClicsCore,Lalo,Sino-Tibetan
west2369,Persian,,32.9,53.3,west2369,,idssegmented,1618,1171,ClicsCore,,Indo-European
west2376,Selice Romani,,48.091,17.9609,west2376,,wold,1732,1290,ClicsCore,,Indo-European
west2386,Punjabi,,30.0948,75.3474,west2386,,idssegmented,1602,1143,ClicsCore,,Indo-European
west2392,Hill Mari,,56.33,46.33,west2392,,northeuralex,1171,949,ClicsCore,,Uralic
west2430,"Xiangxi, West",,28.33212,109.422366,west2430,,chenhmongmien,905,795,ClicsCore,Hmongic,Hmong-Mien
wich1264,Wichí,,-22.5,-62.5833,wich1264,,wold,1361,1263,ClicsCore,,Matacoan
wikm1247,Wik Mungkan,,-13.98051,141.81611,wikm1247,,bowernpny,317,310,ClicsCore,,Pama-Nyungan
wint1259,Wintu,,39.7176,-122.445,wint1259,,huntergatherer,435,279,ClicsCore,,Wintuan
wira1262,Wiradjuri,,-34.0742,145.994,wira1262,,bowernpny,323,318,ClicsCore,,Pama-Nyungan
wira1265,Wirangu,,-32.0,134.0,wira1265,,bowernpny,285,282,ClicsCore,,Pama-Nyungan
wong1246,Wangkumara,,-27.10149,143.19619,wong1246,,bowernpny,306,300,ClicsCore,,Pama-Nyungan
woun1238,Wounaan,,8.5,-78.0,woun1238,,hubercolumbian,454,339,ClicsCore,,Chocoan
wudi1238,Nasu,,25.48,102.48,wudi1238,,lamanisoic,300,282,ClicsCore,,Sino-Tibetan
wume1235,Naso,,26.89835528,102.9271427,wume1235,,yangyi,699,645,ClicsCore,Yi,Sino-Tibetan
wusa1235,Nipu,,27.00771251,106.033544,wusa1235,,yangyi,699,645,ClicsCore,Yi,Sino-Tibetan
xeta1241,Xeta,,-24.9408,-52.2266,xeta1241,,tuled,332,261,ClicsCore,Tupi-Guarani,Tupian
xian1250,Xiangyun,,25.5313657,100.4478932,xian1250,,allenbai,505,498,ClicsCore,Bai,Sino-Tibetan
xibe1242,Xibe,,43.5854,81.0034,xibe1242,,oskolskayatungusic,271,254,ClicsCore,,Tungusic
xing1248,Asuriní Xingu,,-4.13463,-52.321,xing1248,,tuled,302,271,ClicsCore,Tupi-Guarani,Tupian
xinp1238,Nesu,,22.623138,101.90012074,xinp1238,,yangyi,699,645,ClicsCore,Yi,Sino-Tibetan
xipa1240,Xipaya,,-4.133,-49.948,xipa1240,,tuled,382,342,ClicsCore,Juruna,Tupian
xish1235,Qingyun,,24.8709,100.711,xish1235,,yanglalo,1070,848,ClicsCore,Lalo,Sino-Tibetan
xuzh1234,Xuzhang,,25.344026,99.112244,xuzh1234,,yanglalo,1055,837,ClicsCore,Lalo,Sino-Tibetan
yagu1244,Yagua,,-3.42913,-72.2186,yagu1244,,idssegmented,1776,1178,ClicsCore,,Peba-Yagua
yaku1245,Sakha,,62,130,yaku1245,,wold,1588,1297,ClicsCore,,Turkic
yama1264,Yagán,,-55.2748,-68.2648,yama1264,,idssegmented,715,675,ClicsCore,,Yámana
yami1256,Yaminahua,,-9.8846,-71.5964,yami1256,,idssegmented,1347,1128,ClicsCore,,Pano-Tacanan
yand1253,Yandruwandha,,-28.4744,140.583,yand1253,,bowernpny,326,319,ClicsCore,,Pama-Nyungan
yang1304,Yangliu,,25.22482,99.046326,yang1304,,yanglalo,1058,830,ClicsCore,Lalo,Sino-Tibetan
yangyi-EDiaocao,E-Diaocao,,25.538453,100.255308,,,yangyi,945,817,ClicsCore,Yi,Sino-Tibetan
yangyi-EHoushan,E-Houshan,,25.3751828,100.4392542886,,,yangyi,923,812,ClicsCore,Yi,Sino-Tibetan
yangyi-ETaoshu,E-Taoshu,,25.568387,100.0581570205,,,yangyi,921,804,ClicsCore,Yi,Sino-Tibetan
yangyi-Ghomozo,Ghomozo,,26.07588114,99.91832807,,,yangyi,948,828,ClicsCore,Yi,Sino-Tibetan
yangyi-Lidim,Lidim (Tianba),,28.96606783,102.7717472,,,yangyi,699,645,ClicsCore,Yi,Sino-Tibetan
yangyi-LopeAwuChen2010,Lope (Awu),,24.25668563,103.6428899,,,yangyi,699,645,ClicsCore,Yi,Sino-Tibetan
yangyi-Nise,Nise,,24.68802092,103.6001565,,,yangyi,699,645,ClicsCore,Yi,Sino-Tibetan
yangyi-Noso,Noso,,25.71000184,104.4715351,,,yangyi,699,645,ClicsCore,Yi,Sino-Tibetan
yangyi-SEGaoping,SE-Gaoping,,25.28618833,100.4230602638,,,yangyi,886,772,ClicsCore,Yi,Sino-Tibetan
yano1262,Yanomámi,,2.48999,-62.8522,yano1262,,idssegmented,931,838,ClicsCore,,Yanomamic
yaoo1241,Yao,,-13.6119,35.2387,yaoo1241,,tls,1063,645,ClicsCore,,Atlantic-Congo
yaqu1251,Yaqui,,27.5,-110.25,yaqu1251,,wold,1615,1391,ClicsCore,,Uto-Aztecan
yare1248,Yareba,,-9.50651,148.605,yare1248,,johanssonsoundsymbolic,317,257,ClicsCore,,Yareban
yavi1244,Yavitero,,2.924844,-67.438886,yavi1244,,idssegmented,798,769,ClicsCore,,Arawakan
yawa1258,Yawarrawarrka,,-26.7334,140.871,yawa1258,,bowernpny,277,277,ClicsCore,,Pama-Nyungan
yidi1250,Yidiny,,-17.1332,145.876,yidi1250,,bowernpny,259,255,ClicsCore,,Pama-Nyungan
yimc1241,Yimchungrü,,25.7167,94.9167,yimc1241,,marrisonnaga,536,469,ClicsCore,Yimchingric,Sino-Tibetan
yind1247,Yindjibarndi,,-21.5379,117.001,yind1247,,bowernpny,308,300,ClicsCore,,Pama-Nyungan
yinu1238,Yino,,28.32864,103.1321792,yinu1238,,yangyi,699,645,ClicsCore,Yi,Sino-Tibetan
yish1238,Yi (Xide),,25.04,100.51,yish1238,,suntb,1025,930,ClicsCore,Nesu,Sino-Tibetan
yort1237,Yorta Yorta,,-35.9,145.01,yort1237,,bowernpny,266,263,ClicsCore,,Pama-Nyungan
youl1235,Jinuo,,22.0473,101.057,youl1235,,lamanisoic,299,282,ClicsCore,,Sino-Tibetan
youn1235,Younuo,,25.730893,110.115975,youn1235,,chenhmongmien,891,793,ClicsCore,Hmongic,Hmong-Mien
yucu1253,Yucuna,,-0.76075,-71.0033,yucu1253,,hubercolumbian,411,336,ClicsCore,,Arawakan
yuga1244,Yugambeh,,-27.803,153.082,yuga1244,,bowernpny,323,317,ClicsCore,,Pama-Nyungan
yunl1238,Yunlong,,25.9223745,99.0352884,yunl1238,,allenbai,503,499,ClicsCore,Bai,Sino-Tibetan
yuqu1240,Yuki,,-16.7875,-64.9438,yuqu1240,,tuled,324,293,ClicsCore,Tupi-Guarani,Tupian
yuru1263,Yurutí,,0.735585,-69.6955,yuru1263,,hubercolumbian,382,335,ClicsCore,,Tucanoan
yuwa1242,Yuwaalaraay,,-29.758184,147.923684,yuwa1242,,bowernpny,321,314,ClicsCore,,Pama-Nyungan
yuwa1244,Yuwana,,5.63879,-65.4267,yuwa1244,,idssegmented,973,902,ClicsCore,,Hoti
zaca1242,Chatino (Zacatepec variety),,16.08,-97.3069,zaca1242,,idssegmented,1566,1241,ClicsCore,,Otomanguean
zaiw1241,Atsi [Zaiwa],,24.17,98.36,zaiw1241,,suntb,1036,917,ClicsCore,Burmish,Sino-Tibetan
zana1238,Zanaki,,-2.26367,34.0542,zana1238,,tls,1101,631,ClicsCore,,Atlantic-Congo
zara1247,Zaramo,,-6.87705,38.9258,zara1247,,tls,1050,658,ClicsCore,,Atlantic-Congo
zauz1238,Rouruo,,26.4572,98.8634,zauz1238,,lamanisoic,293,277,ClicsCore,,Sino-Tibetan
zeme1240,Zeme,,25.1833,93.2,zeme1240,,marrisonnaga,835,704,ClicsCore,Zemeic,Sino-Tibetan
zhou1234,Zhoucheng,,25.8958633,100.0987848,zhou1234,,allenbai,501,497,ClicsCore,Bai,Sino-Tibetan
zigu1242,Zigua,,-5.61864,38.4114,zigu1242,,tls,1096,652,ClicsCore,,Atlantic-Congo
zinz1238,Zinza,,-2.64132,32.1755,zinz1238,,tls,1242,651,ClicsCore,,Atlantic-Congo
zizi1238,Fali Jilbu,,10.4689,13.5233,zizi1238,,kraftchadic,419,411,ClicsCore,,Afro-Asiatic
zoee1240,Zo'e,,-1.77,-55.51,zoee1240,,tuled,391,349,ClicsCore,Tupi-Guarani,Tupian
zokh1238,Zuoke,,23.8,104.8,zokh1238,,lamanisoic,296,278,ClicsCore,,Sino-Tibetan
zuni1245,Zuni,,35.0056,-108.782,zuni1245,,idssegmented,979,880,ClicsCore,,Zuni
zuoj1238,Zhuang-Longzhou,,22.4,106.9,zuoj1238,,idssegmented,1690,1182,ClicsCore,,Tai-Kadai
